kicker_player_id,kicker_player_name,season,kicks_in_season,career_length,lasted_5plus
00-0000108,D.Akers,1999,11,15,1
00-0000108,D.Akers,2000,69,15,1
00-0000108,D.Akers,2001,69,15,1
00-0000108,D.Akers,2002,77,15,1
00-0000108,D.Akers,2003,71,15,1
00-0000108,D.Akers,2004,74,15,1
00-0000108,D.Akers,2005,45,15,1
00-0000108,D.Akers,2006,71,15,1
00-0000108,D.Akers,2007,68,15,1
00-0000108,D.Akers,2008,85,15,1
00-0000108,D.Akers,2009,82,15,1
00-0000108,D.Akers,2010,85,15,1
00-0000108,D.Akers,2011,86,15,1
00-0000108,D.Akers,2012,86,15,1
00-0000108,D.Akers,2013,67,15,1
00-0000282,M.Andersen,1999,55,8,1
00-0000282,M.Andersen,2000,54,8,1
00-0000282,M.Andersen,2001,58,8,1
00-0000282,M.Andersen,2002,77,8,1
00-0000282,M.Andersen,2003,79,8,1
00-0000282,M.Andersen,2004,67,8,1
00-0000282,M.Andersen,2006,50,8,1
00-0000282,M.Andersen,2007,52,8,1
00-0000313,G.Anderson,1999,76,6,1
00-0000313,G.Anderson,2000,68,6,1
00-0000313,G.Anderson,2001,48,6,1
00-0000313,G.Anderson,2002,60,6,1
00-0000313,G.Anderson,2003,73,6,1
00-0000313,G.Anderson,2004,59,6,1
00-0001138,S.Bentley,2000,1,1,0
00-0001343,C.Blanchard,1999,40,2,0
00-0001343,C.Blanchard,2000,42,2,0
00-0001460,C.Boniol,1999,36,1,0
00-0001759,D.Brien,1999,50,7,1
00-0001759,D.Brien,2000,66,7,1
00-0001759,D.Brien,2001,8,7,1
00-0001759,D.Brien,2002,13,7,1
00-0001759,D.Brien,2003,56,7,1
00-0001759,D.Brien,2004,63,7,1
00-0001759,D.Brien,2005,11,7,1
00-0001980,K.Brown,1999,60,12,1
00-0001980,K.Brown,2000,63,12,1
00-0001980,K.Brown,2001,81,12,1
00-0001980,K.Brown,2002,44,12,1
00-0001980,K.Brown,2003,49,12,1
00-0001980,K.Brown,2004,58,12,1
00-0001980,K.Brown,2005,58,12,1
00-0001980,K.Brown,2006,52,12,1
00-0001980,K.Brown,2007,69,12,1
00-0001980,K.Brown,2008,70,12,1
00-0001980,K.Brown,2009,76,12,1
00-0001980,K.Brown,2010,13,12,1
00-0002655,J.Carney,1999,59,12,1
00-0002655,J.Carney,2000,49,12,1
00-0002655,J.Carney,2001,63,12,1
00-0002655,J.Carney,2002,72,12,1
00-0002655,J.Carney,2003,67,12,1
00-0002655,J.Carney,2004,65,12,1
00-0002655,J.Carney,2005,54,12,1
00-0002655,J.Carney,2006,72,12,1
00-0002655,J.Carney,2007,42,12,1
00-0002655,J.Carney,2008,76,12,1
00-0002655,J.Carney,2009,69,12,1
00-0002655,J.Carney,2010,9,12,1
00-0002975,S.Christie,1999,67,6,1
00-0002975,S.Christie,2000,63,6,1
00-0002975,S.Christie,2001,17,6,1
00-0002975,S.Christie,2002,62,6,1
00-0002975,S.Christie,2003,56,6,1
00-0002975,S.Christie,2004,61,6,1
00-0003395,B.Conway,1999,82,5,0
00-0003395,B.Conway,2000,14,5,0
00-0003395,B.Conway,2001,55,5,0
00-0003395,B.Conway,2002,5,5,0
00-0003395,B.Conway,2003,28,5,0
00-0003501,J.Cortez,2001,72,3,0
00-0003501,J.Cortez,2002,66,3,0
00-0003501,J.Cortez,2005,36,3,0
00-0003762,R.Cunningham,1999,61,3,0
00-0003762,R.Cunningham,2000,16,3,0
00-0003762,R.Cunningham,2002,3,3,0
00-0003841,B.Daluiso,1999,18,3,0
00-0003841,B.Daluiso,2000,57,3,0
00-0003841,B.Daluiso,2001,6,3,0
00-0004091,P.Dawson,1999,36,20,1
00-0004091,P.Dawson,2000,34,20,1
00-0004091,P.Dawson,2001,55,20,1
00-0004091,P.Dawson,2002,63,20,1
00-0004091,P.Dawson,2003,42,20,1
00-0004091,P.Dawson,2004,57,20,1
00-0004091,P.Dawson,2005,50,20,1
00-0004091,P.Dawson,2006,54,20,1
00-0004091,P.Dawson,2007,73,20,1
00-0004091,P.Dawson,2008,54,20,1
00-0004091,P.Dawson,2009,38,20,1
00-0004091,P.Dawson,2010,56,20,1
00-0004091,P.Dawson,2011,49,20,1
00-0004091,P.Dawson,2012,60,20,1
00-0004091,P.Dawson,2013,80,20,1
00-0004091,P.Dawson,2014,64,20,1
00-0004091,P.Dawson,2015,48,20,1
00-0004091,P.Dawson,2016,55,20,1
00-0004091,P.Dawson,2017,66,20,1
00-0004091,P.Dawson,2018,23,20,1
00-0004147,A.DelGreco,1999,68,2,0
00-0004147,A.DelGreco,2000,71,2,0
00-0004811,J.Elam,1999,65,11,1
00-0004811,J.Elam,2000,73,11,1
00-0004811,J.Elam,2001,67,11,1
00-0004811,J.Elam,2002,79,11,1
00-0004811,J.Elam,2003,70,11,1
00-0004811,J.Elam,2004,76,11,1
00-0004811,J.Elam,2005,76,11,1
00-0004811,J.Elam,2006,63,11,1
00-0004811,J.Elam,2007,64,11,1
00-0004811,J.Elam,2008,73,11,1
00-0004811,J.Elam,2009,52,11,1
00-0005113,J.Feagles,2003,1,1,0
00-0005363,D.Flutie,2005,1,1,0
00-0006181,T.Gowin,1999,9,1,0
00-0006182,B.Gowins,1999,9,1,0
00-0006223,M.Gramatica,1999,56,9,1
00-0006223,M.Gramatica,2000,76,9,1
00-0006223,M.Gramatica,2001,57,9,1
00-0006223,M.Gramatica,2002,71,9,1
00-0006223,M.Gramatica,2003,60,9,1
00-0006223,M.Gramatica,2004,41,9,1
00-0006223,M.Gramatica,2006,32,9,1
00-0006223,M.Gramatica,2007,13,9,1
00-0006223,M.Gramatica,2008,26,9,1
00-0006660,J.Hall,2000,14,1,0
00-0006662,J.Hall,1999,62,8,1
00-0006662,J.Hall,2000,62,8,1
00-0006662,J.Hall,2001,63,8,1
00-0006662,J.Hall,2002,68,8,1
00-0006662,J.Hall,2003,60,8,1
00-0006662,J.Hall,2004,24,8,1
00-0006662,J.Hall,2005,41,8,1
00-0006662,J.Hall,2006,20,8,1
00-0006800,J.Hanson,1999,61,14,1
00-0006800,J.Hanson,2000,59,14,1
00-0006800,J.Hanson,2001,53,14,1
00-0006800,J.Hanson,2002,59,14,1
00-0006800,J.Hanson,2003,50,14,1
00-0006800,J.Hanson,2004,56,14,1
00-0006800,J.Hanson,2005,51,14,1
00-0006800,J.Hanson,2006,63,14,1
00-0006800,J.Hanson,2007,71,14,1
00-0006800,J.Hanson,2008,48,14,1
00-0006800,J.Hanson,2009,53,14,1
00-0006800,J.Hanson,2010,33,14,1
00-0006800,J.Hanson,2011,83,14,1
00-0006800,J.Hanson,2012,74,14,1
00-0007308,C.Hentrich,2000,1,3,0
00-0007308,C.Hentrich,2003,6,3,0
00-0007308,C.Hentrich,2004,3,3,0
00-0007622,M.Hollis,1999,75,4,0
00-0007622,M.Hollis,2000,59,4,0
00-0007622,M.Hollis,2001,59,4,0
00-0007622,M.Hollis,2002,73,4,0
00-0007655,J.Holmes,1999,2,3,0
00-0007655,J.Holmes,2000,5,3,0
00-0007655,J.Holmes,2001,1,3,0
00-0007983,M.Husted,1999,61,3,0
00-0007983,M.Husted,2000,17,3,0
00-0007983,M.Husted,2002,4,3,0
00-0008080,C.Jacke,1999,53,1,0
00-0008231,J.Jaeger,1999,15,1,0
00-0008593,N.Johnson,1999,47,1,0
00-0009028,J.Kasay,1999,58,12,1
00-0009028,J.Kasay,2001,51,12,1
00-0009028,J.Kasay,2002,10,12,1
00-0009028,J.Kasay,2003,68,12,1
00-0009028,J.Kasay,2004,50,12,1
00-0009028,J.Kasay,2005,78,12,1
00-0009028,J.Kasay,2006,55,12,1
00-0009028,J.Kasay,2007,55,12,1
00-0009028,J.Kasay,2008,77,12,1
00-0009028,J.Kasay,2009,59,12,1
00-0009028,J.Kasay,2010,46,12,1
00-0009028,J.Kasay,2011,97,12,1
00-0009946,S.Lindsey,2000,12,1,0
00-0010072,R.Longwell,1999,68,13,1
00-0010072,R.Longwell,2000,70,13,1
00-0010072,R.Longwell,2001,76,13,1
00-0010072,R.Longwell,2002,78,13,1
00-0010072,R.Longwell,2003,77,13,1
00-0010072,R.Longwell,2004,76,13,1
00-0010072,R.Longwell,2005,58,13,1
00-0010072,R.Longwell,2006,53,13,1
00-0010072,R.Longwell,2007,64,13,1
00-0010072,R.Longwell,2008,74,13,1
00-0010072,R.Longwell,2009,83,13,1
00-0010072,R.Longwell,2010,49,13,1
00-0010072,R.Longwell,2011,67,13,1
00-0010373,O.Mare,1999,73,14,1
00-0010373,O.Mare,2000,61,14,1
00-0010373,O.Mare,2001,61,14,1
00-0010373,O.Mare,2002,74,14,1
00-0010373,O.Mare,2003,63,14,1
00-0010373,O.Mare,2004,34,14,1
00-0010373,O.Mare,2005,63,14,1
00-0010373,O.Mare,2006,58,14,1
00-0010373,O.Mare,2007,51,14,1
00-0010373,O.Mare,2008,57,14,1
00-0010373,O.Mare,2009,54,14,1
00-0010373,O.Mare,2010,61,14,1
00-0010373,O.Mare,2011,73,14,1
00-0010373,O.Mare,2012,15,14,1
00-0010609,B.Maynard,2003,1,1,0
00-0011859,E.Murray,1999,19,2,0
00-0011859,E.Murray,2000,20,2,0
00-0011970,J.Nedney,1999,20,11,1
00-0011970,J.Nedney,2000,62,11,1
00-0011970,J.Nedney,2001,63,11,1
00-0011970,J.Nedney,2002,67,11,1
00-0011970,J.Nedney,2003,2,11,1
00-0011970,J.Nedney,2005,47,11,1
00-0011970,J.Nedney,2006,64,11,1
00-0011970,J.Nedney,2007,41,11,1
00-0011970,J.Nedney,2008,67,11,1
00-0011970,J.Nedney,2009,54,11,1
00-0011970,J.Nedney,2010,30,11,1
00-0012742,D.Pelfrey,1999,54,1,0
00-0012875,T.Peterson,1999,72,7,1
00-0012875,T.Peterson,2000,45,7,1
00-0012875,T.Peterson,2001,63,7,1
00-0012875,T.Peterson,2002,47,7,1
00-0012875,T.Peterson,2003,38,7,1
00-0012875,T.Peterson,2004,45,7,1
00-0012875,T.Peterson,2005,60,7,1
00-0013699,W.Richey,1999,54,4,0
00-0013699,W.Richey,2000,67,4,0
00-0013699,W.Richey,2001,58,4,0
00-0013699,W.Richey,2003,2,4,0
00-0014377,T.Sauerbrun,2004,5,1,0
00-0015194,H.Smith,2006,1,1,0
00-0015784,M.Stover,1999,61,11,1
00-0015784,M.Stover,2000,69,11,1
00-0015784,M.Stover,2001,60,11,1
00-0015784,M.Stover,2002,58,11,1
00-0015784,M.Stover,2003,73,11,1
00-0015784,M.Stover,2004,62,11,1
00-0015784,M.Stover,2005,57,11,1
00-0015784,M.Stover,2006,67,11,1
00-0015784,M.Stover,2007,58,11,1
00-0015784,M.Stover,2008,74,11,1
00-0015784,M.Stover,2009,44,11,1
00-0015791,P.Stoyanovich,1999,73,2,0
00-0015791,P.Stoyanovich,2000,29,2,0
00-0016795,M.Unutoa,1999,1,1,0
00-0016830,M.Vanderjagt,1999,81,8,1
00-0016830,M.Vanderjagt,2000,73,8,1
00-0016830,M.Vanderjagt,2001,76,8,1
00-0016830,M.Vanderjagt,2002,65,8,1
00-0016830,M.Vanderjagt,2003,83,8,1
00-0016830,M.Vanderjagt,2004,85,8,1
00-0016830,M.Vanderjagt,2005,77,8,1
00-0016830,M.Vanderjagt,2006,51,8,1
00-0016919,A.Vinatieri,1999,63,21,1
00-0016919,A.Vinatieri,2000,58,21,1
00-0016919,A.Vinatieri,2001,72,21,1
00-0016919,A.Vinatieri,2002,66,21,1
00-0016919,A.Vinatieri,2003,72,21,1
00-0016919,A.Vinatieri,2004,81,21,1
00-0016919,A.Vinatieri,2005,66,21,1
00-0016919,A.Vinatieri,2006,66,21,1
00-0016919,A.Vinatieri,2007,80,21,1
00-0016919,A.Vinatieri,2008,68,21,1
00-0016919,A.Vinatieri,2009,27,21,1
00-0016919,A.Vinatieri,2010,79,21,1
00-0016919,A.Vinatieri,2011,51,21,1
00-0016919,A.Vinatieri,2012,70,21,1
00-0016919,A.Vinatieri,2013,74,21,1
00-0016919,A.Vinatieri,2014,81,21,1
00-0016919,A.Vinatieri,2015,62,21,1
00-0016919,A.Vinatieri,2016,75,21,1
00-0016919,A.Vinatieri,2017,58,21,1
00-0016919,A.Vinatieri,2018,74,21,1
00-0016919,A.Vinatieri,2019,53,21,1
00-0017693,J.Wilkins,1999,87,9,1
00-0017693,J.Wilkins,2000,55,9,1
00-0017693,J.Wilkins,2001,87,9,1
00-0017693,J.Wilkins,2002,62,9,1
00-0017693,J.Wilkins,2003,88,9,1
00-0017693,J.Wilkins,2004,56,9,1
00-0017693,J.Wilkins,2005,67,9,1
00-0017693,J.Wilkins,2006,72,9,1
00-0017693,J.Wilkins,2007,57,9,1
00-0018949,T.Seder,2000,60,3,0
00-0018949,T.Seder,2001,29,3,0
00-0018949,T.Seder,2002,23,3,0
00-0018957,M.Simoneau,2005,2,1,0
00-0019019,M.Knorr,2003,3,1,0
00-0019081,J.Arians,2001,38,1,0
00-0019253,J.Taylor,2004,16,1,0
00-0019310,R.Lindell,2000,42,14,1
00-0019310,R.Lindell,2001,65,14,1
00-0019310,R.Lindell,2002,67,14,1
00-0019310,R.Lindell,2003,48,14,1
00-0019310,R.Lindell,2004,73,14,1
00-0019310,R.Lindell,2005,61,14,1
00-0019310,R.Lindell,2006,58,14,1
00-0019310,R.Lindell,2007,51,14,1
00-0019310,R.Lindell,2008,72,14,1
00-0019310,R.Lindell,2009,57,14,1
00-0019310,R.Lindell,2010,53,14,1
00-0019310,R.Lindell,2011,40,14,1
00-0019310,R.Lindell,2012,63,14,1
00-0019310,R.Lindell,2013,60,14,1
00-0019343,J.Hilbert,2001,28,2,0
00-0019343,J.Hilbert,2002,5,2,0
00-0019440,K.Heppner,2000,32,1,0
00-0019490,P.Edinger,2000,48,6,1
00-0019490,P.Edinger,2001,65,6,1
00-0019490,P.Edinger,2002,57,6,1
00-0019490,P.Edinger,2003,62,6,1
00-0019490,P.Edinger,2004,46,6,1
00-0019490,P.Edinger,2005,65,6,1
00-0019536,S.Graham,2001,15,15,1
00-0019536,S.Graham,2002,39,15,1
00-0019536,S.Graham,2003,65,15,1
00-0019536,S.Graham,2004,72,15,1
00-0019536,S.Graham,2005,79,15,1
00-0019536,S.Graham,2006,72,15,1
00-0019536,S.Graham,2007,71,15,1
00-0019536,S.Graham,2008,39,15,1
00-0019536,S.Graham,2009,57,15,1
00-0019536,S.Graham,2010,53,15,1
00-0019536,S.Graham,2011,15,15,1
00-0019536,S.Graham,2012,83,15,1
00-0019536,S.Graham,2013,9,15,1
00-0019536,S.Graham,2014,69,15,1
00-0019536,S.Graham,2015,21,15,1
00-0019542,J.Tuthill,2002,37,1,0
00-0019646,S.Janikowski,2000,78,18,1
00-0019646,S.Janikowski,2001,70,18,1
00-0019646,S.Janikowski,2002,83,18,1
00-0019646,S.Janikowski,2003,54,18,1
00-0019646,S.Janikowski,2004,60,18,1
00-0019646,S.Janikowski,2005,60,18,1
00-0019646,S.Janikowski,2006,41,18,1
00-0019646,S.Janikowski,2007,60,18,1
00-0019646,S.Janikowski,2008,56,18,1
00-0019646,S.Janikowski,2009,46,18,1
00-0019646,S.Janikowski,2010,84,18,1
00-0019646,S.Janikowski,2011,71,18,1
00-0019646,S.Janikowski,2012,59,18,1
00-0019646,S.Janikowski,2013,67,18,1
00-0019646,S.Janikowski,2014,50,18,1
00-0019646,S.Janikowski,2015,65,18,1
00-0019646,S.Janikowski,2016,74,18,1
00-0019646,S.Janikowski,2018,78,18,1
00-0019676,N.Rackers,2000,42,12,1
00-0019676,N.Rackers,2001,52,12,1
00-0019676,N.Rackers,2002,50,12,1
00-0019676,N.Rackers,2003,20,12,1
00-0019676,N.Rackers,2004,57,12,1
00-0019676,N.Rackers,2005,62,12,1
00-0019676,N.Rackers,2006,69,12,1
00-0019676,N.Rackers,2007,78,12,1
00-0019676,N.Rackers,2008,72,12,1
00-0019676,N.Rackers,2009,55,12,1
00-0019676,N.Rackers,2010,73,12,1
00-0019676,N.Rackers,2011,78,12,1
00-0019714,S.Lechler,2000,8,1,0
00-0019766,C.Oglesby,2001,13,1,0
00-0019770,J.Feely,2001,65,14,1
00-0019770,J.Feely,2002,83,14,1
00-0019770,J.Feely,2003,60,14,1
00-0019770,J.Feely,2004,63,14,1
00-0019770,J.Feely,2005,85,14,1
00-0019770,J.Feely,2006,65,14,1
00-0019770,J.Feely,2007,49,14,1
00-0019770,J.Feely,2008,67,14,1
00-0019770,J.Feely,2009,68,14,1
00-0019770,J.Feely,2010,56,14,1
00-0019770,J.Feely,2011,57,14,1
00-0019770,J.Feely,2012,53,14,1
00-0019770,J.Feely,2013,73,14,1
00-0019770,J.Feely,2014,10,14,1
00-0019778,L.Tynes,2004,83,9,1
00-0019778,L.Tynes,2005,78,9,1
00-0019778,L.Tynes,2006,67,9,1
00-0019778,L.Tynes,2007,69,9,1
00-0019778,L.Tynes,2008,4,9,1
00-0019778,L.Tynes,2009,77,9,1
00-0019778,L.Tynes,2010,66,9,1
00-0019778,L.Tynes,2011,67,9,1
00-0019778,L.Tynes,2012,85,9,1
00-0020296,B.Gramatica,2001,45,4,0
00-0020296,B.Gramatica,2002,50,4,0
00-0020296,B.Gramatica,2003,10,4,0
00-0020296,B.Gramatica,2004,4,4,0
00-0020379,O.Pochman,2001,2,2,0
00-0020379,O.Pochman,2003,25,2,0
00-0020577,D.Boyd,2002,12,1,0
00-0020578,M.Bryant,2002,64,18,1
00-0020578,M.Bryant,2003,31,18,1
00-0020578,M.Bryant,2004,16,18,1
00-0020578,M.Bryant,2005,56,18,1
00-0020578,M.Bryant,2006,45,18,1
00-0020578,M.Bryant,2007,67,18,1
00-0020578,M.Bryant,2008,74,18,1
00-0020578,M.Bryant,2009,20,18,1
00-0020578,M.Bryant,2010,75,18,1
00-0020578,M.Bryant,2011,74,18,1
00-0020578,M.Bryant,2012,82,18,1
00-0020578,M.Bryant,2013,66,18,1
00-0020578,M.Bryant,2014,72,18,1
00-0020578,M.Bryant,2015,44,18,1
00-0020578,M.Bryant,2016,94,18,1
00-0020578,M.Bryant,2017,74,18,1
00-0020578,M.Bryant,2018,56,18,1
00-0020578,M.Bryant,2019,29,18,1
00-0020677,T.France,2005,15,1,0
00-0020685,J.Jenkins,2002,1,1,0
00-0020737,J.Reed,2002,30,9,1
00-0020737,J.Reed,2003,64,9,1
00-0020737,J.Reed,2004,66,9,1
00-0020737,Je.Reed,2004,7,9,1
00-0020737,J.Reed,2005,74,9,1
00-0020737,J.Reed,2006,68,9,1
00-0020737,J.Reed,2007,69,9,1
00-0020737,Je.Reed,2008,68,9,1
00-0020737,J.Reed,2009,72,9,1
00-0020737,J.Reed,2010,64,9,1
00-0020962,R.Bironas,2005,61,9,1
00-0020962,R.Bironas,2006,60,9,1
00-0020962,R.Bironas,2007,67,9,1
00-0020962,R.Bironas,2008,73,9,1
00-0020962,R.Bironas,2009,69,9,1
00-0020962,R.Bironas,2010,64,9,1
00-0020962,R.Bironas,2011,66,9,1
00-0020962,R.Bironas,2012,66,9,1
00-0020962,R.Bironas,2013,70,9,1
00-0020972,B.Cundiff,2002,44,11,1
00-0020972,B.Cundiff,2003,60,11,1
00-0020972,B.Cundiff,2004,57,11,1
00-0020972,B.Cundiff,2005,22,11,1
00-0020972,B.Cundiff,2006,1,11,1
00-0020972,B.Cundiff,2009,46,11,1
00-0020972,B.Cundiff,2010,68,11,1
00-0020972,B.Cundiff,2011,75,11,1
00-0020972,B.Cundiff,2012,29,11,1
00-0020972,B.Cundiff,2013,58,11,1
00-0020972,B.Cundiff,2014,57,11,1
00-0021052,T.Duncan,2003,16,1,0
00-0021080,A.Elling,2003,73,3,0
00-0021080,A.Elling,2004,4,3,0
00-0021080,A.Elling,2005,1,3,0
00-0021226,J.Chandler,2002,26,3,0
00-0021226,J.Chandler,2003,15,3,0
00-0021226,J.Chandler,2004,22,3,0
00-0021347,H.Epstein,2002,22,1,0
00-0021389,O.Kimrin,2004,16,1,0
00-0021462,S.Marler,2003,63,1,0
00-0021940,J.Brown,2003,78,14,1
00-0021940,J.Brown,2004,65,14,1
00-0021940,J.Brown,2005,82,14,1
00-0021940,J.Brown,2006,67,14,1
00-0021940,J.Brown,2007,77,14,1
00-0021940,J.Brown,2008,55,14,1
00-0021940,Josh.Brown,2009,40,14,1
00-0021940,Josh.Brown,2010,66,14,1
00-0021940,Josh.Brown,2011,46,14,1
00-0021940,J.Brown,2012,20,14,1
00-0021940,J.Brown,2013,57,14,1
00-0021940,J.Brown,2014,70,14,1
00-0021940,J.Brown,2015,77,14,1
00-0021940,J.Brown,2016,21,14,1
00-0022017,M.Scifres,2011,4,1,0
00-0022170,R.Hamilton,2005,1,1,0
00-0022427,W.Welker,2004,2,2,0
00-0022427,W.Welker,2010,1,2,0
00-0022589,K.Larson,2007,1,1,0
00-0022737,N.Kaeding,2004,80,8,1
00-0022737,N.Kaeding,2005,73,8,1
00-0022737,N.Kaeding,2006,87,8,1
00-0022737,N.Kaeding,2007,73,8,1
00-0022737,N.Kaeding,2008,78,8,1
00-0022737,N.Kaeding,2009,86,8,1
00-0022737,N.Kaeding,2010,68,8,1
00-0022737,N.Kaeding,2012,19,8,1
00-0022874,J.Scobee,2004,52,12,1
00-0022874,J.Scobee,2005,69,12,1
00-0022874,J.Scobee,2006,73,12,1
00-0022874,J.Scobee,2007,40,12,1
00-0022874,J.Scobee,2008,58,12,1
00-0022874,J.Scobee,2009,59,12,1
00-0022874,J.Scobee,2010,69,12,1
00-0022874,J.Scobee,2011,49,12,1
00-0022874,J.Scobee,2012,47,12,1
00-0022874,J.Scobee,2013,48,12,1
00-0022874,J.Scobee,2014,49,12,1
00-0022874,J.Scobee,2015,17,12,1
00-0023001,S.Suisham,2005,12,10,1
00-0023001,S.Suisham,2006,25,10,1
00-0023001,S.Suisham,2007,65,10,1
00-0023001,S.Suisham,2008,61,10,1
00-0023001,S.Suisham,2009,50,10,1
00-0023001,S.Suisham,2010,34,10,1
00-0023001,S.Suisham,2011,67,10,1
00-0023001,S.Suisham,2012,65,10,1
00-0023001,S.Suisham,2013,71,10,1
00-0023001,S.Suisham,2014,77,10,1
00-0023096,N.Novak,2005,25,10,1
00-0023096,N.Novak,2006,20,10,1
00-0023096,N.Novak,2008,17,10,1
00-0023096,N.Novak,2011,76,10,1
00-0023096,N.Novak,2012,53,10,1
00-0023096,N.Novak,2013,79,10,1
00-0023096,N.Novak,2014,66,10,1
00-0023096,N.Novak,2015,52,10,1
00-0023096,N.Novak,2016,66,10,1
00-0023096,N.Novak,2017,31,10,1
00-0023234,M.Koenen,2005,2,3,0
00-0023234,M.Koenen,2006,13,3,0
00-0023234,M.Koenen,2007,2,3,0
00-0023252,R.Gould,2005,47,18,1
00-0023252,R.Gould,2006,83,18,1
00-0023252,R.Gould,2007,69,18,1
00-0023252,R.Gould,2008,70,18,1
00-0023252,R.Gould,2009,61,18,1
00-0023252,R.Gould,2010,65,18,1
00-0023252,R.Gould,2011,69,18,1
00-0023252,R.Gould,2012,58,18,1
00-0023252,R.Gould,2013,75,18,1
00-0023252,R.Gould,2014,41,18,1
00-0023252,R.Gould,2015,68,18,1
00-0023252,R.Gould,2016,33,18,1
00-0023252,R.Gould,2017,71,18,1
00-0023252,R.Gould,2018,63,18,1
00-0023252,R.Gould,2019,73,18,1
00-0023252,R.Gould,2020,61,18,1
00-0023252,R.Gould,2021,63,18,1
00-0023252,R.Gould,2022,83,18,1
00-0023482,M.Nugent,2005,52,16,1
00-0023482,M.Nugent,2006,62,16,1
00-0023482,M.Nugent,2007,60,16,1
00-0023482,M.Nugent,2008,3,16,1
00-0023482,M.Nugent,2009,22,16,1
00-0023482,M.Nugent,2010,36,16,1
00-0023482,M.Nugent,2011,72,16,1
00-0023482,M.Nugent,2012,58,16,1
00-0023482,M.Nugent,2013,75,16,1
00-0023482,M.Nugent,2014,72,16,1
00-0023482,M.Nugent,2015,77,16,1
00-0023482,M.Nugent,2016,58,16,1
00-0023482,M.Nugent,2017,30,16,1
00-0023482,M.Nugent,2018,11,16,1
00-0023482,M.Nugent,2019,24,16,1
00-0023482,M.Nugent,2020,15,16,1
00-0023635,D.Rayner,2005,1,6,1
00-0023635,D.Rayner,2006,67,6,1
00-0023635,D.Rayner,2007,36,6,1
00-0023635,D.Rayner,2008,4,6,1
00-0023635,D.Rayner,2010,32,6,1
00-0023635,D.Rayner,2011,28,6,1
00-0023728,S.Andrus,2009,11,2,0
00-0023728,S.Andrus,2010,7,2,0
00-0023853,M.Prater,2007,5,18,1
00-0023853,M.Prater,2008,74,18,1
00-0023853,M.Prater,2009,67,18,1
00-0023853,M.Prater,2010,47,18,1
00-0023853,M.Prater,2011,55,18,1
00-0023853,M.Prater,2012,87,18,1
00-0023853,M.Prater,2013,101,18,1
00-0023853,M.Prater,2014,47,18,1
00-0023853,M.Prater,2015,63,18,1
00-0023853,M.Prater,2016,69,18,1
00-0023853,M.Prater,2017,76,18,1
00-0023853,M.Prater,2018,62,18,1
00-0023853,M.Prater,2019,67,18,1
00-0023853,M.Prater,2020,69,18,1
00-0023853,M.Prater,2021,86,18,1
00-0023853,M.Prater,2022,43,18,1
00-0023853,M.Prater,2023,56,18,1
00-0023853,M.Prater,2024,16,18,1
00-0024333,S.Gostkowski,2006,70,15,1
00-0024333,S.Gostkowski,2007,98,15,1
00-0024333,S.Gostkowski,2008,80,15,1
00-0024333,S.Gostkowski,2009,78,15,1
00-0024333,S.Gostkowski,2010,39,15,1
00-0024333,S.Gostkowski,2011,92,15,1
00-0024333,S.Gostkowski,2012,101,15,1
00-0024333,S.Gostkowski,2013,85,15,1
00-0024333,S.Gostkowski,2014,88,15,1
00-0024333,S.Gostkowski,2015,88,15,1
00-0024333,S.Gostkowski,2016,81,15,1
00-0024333,S.Gostkowski,2017,87,15,1
00-0024333,S.Gostkowski,2018,82,15,1
00-0024333,S.Gostkowski,2019,23,15,1
00-0024333,S.Gostkowski,2020,74,15,1
00-0025547,J.Medlock,2007,2,2,0
00-0025547,J.Medlock,2012,33,2,0
00-0025565,N.Folk,2007,84,17,1
00-0025565,N.Folk,2008,64,17,1
00-0025565,N.Folk,2009,64,17,1
00-0025565,N.Folk,2010,76,17,1
00-0025565,N.Folk,2011,69,17,1
00-0025565,N.Folk,2012,57,17,1
00-0025565,N.Folk,2013,63,17,1
00-0025565,N.Folk,2014,62,17,1
00-0025565,N.Folk,2015,35,17,1
00-0025565,N.Folk,2016,57,17,1
00-0025565,N.Folk,2017,20,17,1
00-0025565,N.Folk,2019,29,17,1
00-0025565,N.Folk,2020,61,17,1
00-0025565,N.Folk,2021,86,17,1
00-0025565,N.Folk,2022,72,17,1
00-0025565,N.Folk,2023,60,17,1
00-0025565,N.Folk,2024,47,17,1
00-0025580,M.Crosby,2007,87,17,1
00-0025580,M.Crosby,2008,80,17,1
00-0025580,M.Crosby,2009,85,17,1
00-0025580,M.Crosby,2010,74,17,1
00-0025580,M.Crosby,2011,97,17,1
00-0025580,M.Crosby,2012,83,17,1
00-0025580,M.Crosby,2013,79,17,1
00-0025580,M.Crosby,2014,88,17,1
00-0025580,M.Crosby,2015,64,17,1
00-0025580,M.Crosby,2016,77,17,1
00-0025580,M.Crosby,2017,54,17,1
00-0025580,M.Crosby,2018,73,17,1
00-0025580,M.Crosby,2019,65,17,1
00-0025580,M.Crosby,2020,79,17,1
00-0025580,M.Crosby,2021,85,17,1
00-0025580,M.Crosby,2022,68,17,1
00-0025580,M.Crosby,2023,14,17,1
00-0025681,R.Schmitt,2009,5,1,0
00-0025824,G.Hartley,2008,41,6,1
00-0025824,G.Hartley,2009,22,6,1
00-0025824,G.Hartley,2010,65,6,1
00-0025824,G.Hartley,2012,79,6,1
00-0025824,G.Hartley,2013,71,6,1
00-0025824,G.Hartley,2014,5,6,1
00-0025944,S.Hauschka,2008,2,13,1
00-0025944,S.Hauschka,2009,41,13,1
00-0025944,S.Hauschka,2010,17,13,1
00-0025944,S.Hauschka,2011,64,13,1
00-0025944,S.Hauschka,2012,75,13,1
00-0025944,S.Hauschka,2013,79,13,1
00-0025944,S.Hauschka,2014,78,13,1
00-0025944,S.Hauschka,2015,75,13,1
00-0025944,S.Hauschka,2016,72,13,1
00-0025944,S.Hauschka,2017,62,13,1
00-0025944,S.Hauschka,2018,53,13,1
00-0025944,S.Hauschka,2019,60,13,1
00-0025944,S.Hauschka,2020,4,13,1
00-0026003,D.Carpenter,2008,65,9,1
00-0026003,D.Carpenter,2009,66,9,1
00-0026003,D.Carpenter,2010,66,9,1
00-0026003,D.Carpenter,2011,60,9,1
00-0026003,D.Carpenter,2012,53,9,1
00-0026003,D.Carpenter,2013,68,9,1
00-0026003,D.Carpenter,2014,70,9,1
00-0026003,D.Carpenter,2015,67,9,1
00-0026003,D.Carpenter,2016,70,9,1
00-0026138,C.Barth,2008,36,9,1
00-0026138,C.Barth,2009,31,9,1
00-0026138,C.Barth,2010,64,9,1
00-0026138,C.Barth,2011,51,9,1
00-0026138,C.Barth,2012,72,9,1
00-0026138,C.Barth,2014,31,9,1
00-0026138,C.Barth,2015,54,9,1
00-0026138,C.Barth,2016,55,9,1
00-0026138,C.Barth,2017,33,9,1
00-0026318,T.Mehlhaff,2008,14,1,0
00-0026375,B.Coutu,2011,4,1,0
00-0026858,G.Gano,2009,11,15,1
00-0026858,G.Gano,2010,63,15,1
00-0026858,G.Gano,2011,67,15,1
00-0026858,G.Gano,2012,32,15,1
00-0026858,G.Gano,2013,69,15,1
00-0026858,G.Gano,2014,69,15,1
00-0026858,G.Gano,2015,95,15,1
00-0026858,G.Gano,2016,72,15,1
00-0026858,G.Gano,2017,67,15,1
00-0026858,G.Gano,2018,49,15,1
00-0026858,G.Gano,2020,55,15,1
00-0026858,G.Gano,2021,50,15,1
00-0026858,G.Gano,2022,66,15,1
00-0026858,G.Gano,2023,25,15,1
00-0026858,G.Gano,2024,26,15,1
00-0026968,R.Succop,2009,58,14,1
00-0026968,R.Succop,2010,68,14,1
00-0026968,R.Succop,2011,50,14,1
00-0026968,R.Succop,2012,51,14,1
00-0026968,R.Succop,2013,80,14,1
00-0026968,R.Succop,2014,49,14,1
00-0026968,R.Succop,2015,47,14,1
00-0026968,R.Succop,2016,65,14,1
00-0026968,R.Succop,2017,75,14,1
00-0026968,R.Succop,2018,61,14,1
00-0026968,R.Succop,2019,31,14,1
00-0026968,R.Succop,2020,88,14,1
00-0026968,R.Succop,2021,89,14,1
00-0026968,R.Succop,2022,63,14,1
00-0027119,D.Buehler,2010,76,1,0
00-0027191,C.Stitser,2010,18,1,0
00-0027405,A.Pettrey,2010,9,1,0
00-0027855,N.Suh,2010,1,1,0
00-0028058,A.Henery,2011,73,4,0
00-0028058,A.Henery,2012,57,4,0
00-0028058,A.Henery,2013,73,4,0
00-0028058,A.Henery,2014,10,4,0
00-0028347,S.Lanning,2013,1,1,0
00-0028660,D.Bailey,2011,76,10,1
00-0028660,D.Bailey,2012,68,10,1
00-0028660,D.Bailey,2013,77,10,1
00-0028660,D.Bailey,2014,85,10,1
00-0028660,D.Bailey,2015,57,10,1
00-0028660,D.Bailey,2016,78,10,1
00-0028660,D.Bailey,2017,48,10,1
00-0028660,D.Bailey,2018,59,10,1
00-0028660,D.Bailey,2019,73,10,1
00-0028660,D.Bailey,2020,65,10,1
00-0028787,K.Forbath,2012,52,9,1
00-0028787,K.Forbath,2013,48,9,1
00-0028787,K.Forbath,2014,59,9,1
00-0028787,K.Forbath,2015,50,9,1
00-0028787,K.Forbath,2016,29,9,1
00-0028787,K.Forbath,2017,77,9,1
00-0028787,K.Forbath,2018,8,9,1
00-0028787,K.Forbath,2019,23,9,1
00-0028787,K.Forbath,2020,8,9,1
00-0028872,J.Hekker,2018,2,1,0
00-0028907,G.Tavecchio,2017,55,2,0
00-0028907,G.Tavecchio,2018,13,2,0
00-0029318,J.Potter,2013,11,1,0
00-0029421,R.Bullock,2013,61,11,1
00-0029421,R.Bullock,2014,75,11,1
00-0029421,R.Bullock,2015,48,11,1
00-0029421,R.Bullock,2016,19,11,1
00-0029421,R.Bullock,2017,53,11,1
00-0029421,R.Bullock,2018,64,11,1
00-0029421,R.Bullock,2019,56,11,1
00-0029421,R.Bullock,2020,51,11,1
00-0029421,R.Bullock,2021,76,11,1
00-0029421,R.Bullock,2022,48,11,1
00-0029421,R.Bullock,2023,16,11,1
00-0029493,R.Quigley,2015,4,1,0
00-0029576,B.Walsh,2012,74,6,1
00-0029576,B.Walsh,2013,74,6,1
00-0029576,B.Walsh,2014,64,6,1
00-0029576,B.Walsh,2015,76,6,1
00-0029576,B.Walsh,2016,35,6,1
00-0029576,B.Walsh,2017,67,6,1
00-0029597,J.Tucker,2012,75,13,1
00-0029597,J.Tucker,2013,67,13,1
00-0029597,J.Tucker,2014,76,13,1
00-0029597,J.Tucker,2015,69,13,1
00-0029597,J.Tucker,2016,66,13,1
00-0029597,J.Tucker,2017,76,13,1
00-0029597,J.Tucker,2018,76,13,1
00-0029597,J.Tucker,2019,88,13,1
00-0029597,J.Tucker,2020,82,13,1
00-0029597,J.Tucker,2021,69,13,1
00-0029597,J.Tucker,2022,75,13,1
00-0029597,J.Tucker,2023,89,13,1
00-0029597,J.Tucker,2024,92,13,1
00-0029621,G.Zuerlein,2012,57,13,1
00-0029621,G.Zuerlein,2013,62,13,1
00-0029621,G.Zuerlein,2014,65,13,1
00-0029621,G.Zuerlein,2015,58,13,1
00-0029621,G.Zuerlein,2016,45,13,1
00-0029621,G.Zuerlein,2017,86,13,1
00-0029621,G.Zuerlein,2018,67,13,1
00-0029621,G.Zuerlein,2019,75,13,1
00-0029621,G.Zuerlein,2020,77,13,1
00-0029621,G.Zuerlein,2021,83,13,1
00-0029621,G.Zuerlein,2022,66,13,1
00-0029621,G.Zuerlein,2023,54,13,1
00-0029621,G.Zuerlein,2024,29,13,1
00-0029822,B.McManus,2014,54,11,1
00-0029822,B.McManus,2015,71,11,1
00-0029822,B.McManus,2016,67,11,1
00-0029822,B.McManus,2017,59,11,1
00-0029822,B.McManus,2018,60,11,1
00-0029822,B.McManus,2019,60,11,1
00-0029822,B.McManus,2020,61,11,1
00-0029822,B.McManus,2021,65,11,1
00-0029822,B.McManus,2022,63,11,1
00-0029822,B.McManus,2023,72,11,1
00-0029822,B.McManus,2024,51,11,1
00-0030098,D.Hopkins,2015,68,10,1
00-0030098,D.Hopkins,2016,81,10,1
00-0030098,D.Hopkins,2017,36,10,1
00-0030098,D.Hopkins,2018,55,10,1
00-0030098,D.Hopkins,2019,52,10,1
00-0030098,D.Hopkins,2020,66,10,1
00-0030098,D.Hopkins,2021,78,10,1
00-0030098,D.Hopkins,2022,22,10,1
00-0030098,D.Hopkins,2023,62,10,1
00-0030098,D.Hopkins,2024,47,10,1
00-0030196,J.Heath,2017,3,1,0
00-0030332,B.Maher,2018,69,5,0
00-0030332,B.Maher,2019,66,5,0
00-0030332,B.Maher,2021,30,5,0
00-0030332,B.Maher,2022,85,5,0
00-0030332,B.Maher,2023,38,5,0
00-0030390,C.Sturgis,2013,67,6,1
00-0030390,C.Sturgis,2014,78,6,1
00-0030390,C.Sturgis,2015,59,6,1
00-0030390,C.Sturgis,2016,72,6,1
00-0030390,C.Sturgis,2017,5,6,1
00-0030390,C.Sturgis,2018,28,6,1
00-0030626,P.Murray,2014,55,3,0
00-0030626,P.Murray,2016,6,3,0
00-0030626,P.Murray,2017,45,3,0
00-0030850,C.Parkey,2014,90,8,1
00-0030850,C.Parkey,2015,11,8,1
00-0030850,C.Parkey,2016,46,8,1
00-0030850,C.Parkey,2017,52,8,1
00-0030850,C.Parkey,2018,75,8,1
00-0030850,C.Parkey,2019,9,8,1
00-0030850,C.Parkey,2020,69,8,1
00-0030850,C.Parkey,2021,5,8,1
00-0030896,C.Catanzaro,2014,60,5,0
00-0030896,C.Catanzaro,2015,89,5,0
00-0030896,C.Catanzaro,2016,75,5,0
00-0030896,C.Catanzaro,2017,59,5,0
00-0030896,C.Catanzaro,2018,55,5,0
00-0031092,Z.Hocker,2015,27,1,0
00-0031093,N.Freese,2014,13,1,0
00-0031112,T.Coons,2015,56,2,0
00-0031112,T.Coons,2017,14,2,0
00-0031136,C.Boswell,2015,59,10,1
00-0031136,C.Boswell,2016,61,10,1
00-0031136,C.Boswell,2017,77,10,1
00-0031136,C.Boswell,2018,68,10,1
00-0031136,C.Boswell,2019,59,10,1
00-0031136,C.Boswell,2020,58,10,1
00-0031136,C.Boswell,2021,69,10,1
00-0031136,C.Boswell,2022,46,10,1
00-0031136,C.Boswell,2023,59,10,1
00-0031136,C.Boswell,2024,79,10,1
00-0031203,C.Santos,2014,68,11,1
00-0031203,C.Santos,2015,78,11,1
00-0031203,C.Santos,2016,74,11,1
00-0031203,C.Santos,2017,19,11,1
00-0031203,C.Santos,2018,41,11,1
00-0031203,C.Santos,2019,21,11,1
00-0031203,C.Santos,2020,69,11,1
00-0031203,C.Santos,2021,58,11,1
00-0031203,C.Santos,2022,55,11,1
00-0031203,C.Santos,2023,71,11,1
00-0031203,C.Santos,2024,51,11,1
00-0031385,S.Castillo,2020,20,1,0
00-0031492,J.Myers,2015,69,10,1
00-0031492,J.Myers,2016,66,10,1
00-0031492,J.Myers,2017,32,10,1
00-0031492,J.Myers,2018,69,10,1
00-0031492,J.Myers,2019,72,10,1
00-0031492,J.Myers,2020,77,10,1
00-0031492,J.Myers,2021,70,10,1
00-0031492,J.Myers,2022,79,10,1
00-0031492,J.Myers,2023,75,10,1
00-0031492,J.Myers,2024,70,10,1
00-0031543,T.Long,2019,18,1,0
00-0031656,K.Brindza,2015,20,1,0
00-0031718,A.Franks,2015,52,2,0
00-0031718,A.Franks,2016,63,2,0
00-0032065,B.Pinion,2021,1,1,0
00-0032087,J.Lambo,2015,64,8,1
00-0032087,J.Lambo,2016,78,8,1
00-0032087,J.Lambo,2017,44,8,1
00-0032087,J.Lambo,2018,41,8,1
00-0032087,J.Lambo,2019,54,8,1
00-0032087,J.Lambo,2020,15,8,1
00-0032087,J.Lambo,2021,10,8,1
00-0032087,J.Lambo,2022,4,8,1
00-0032569,W.Lutz,2016,84,8,1
00-0032569,W.Lutz,2017,86,8,1
00-0032569,W.Lutz,2018,83,8,1
00-0032569,W.Lutz,2019,85,8,1
00-0032569,W.Lutz,2020,86,8,1
00-0032569,W.Lutz,2022,64,8,1
00-0032569,W.Lutz,2023,65,8,1
00-0032569,W.Lutz,2024,80,8,1
00-0032584,N.Rose,2017,40,1,0
00-0032616,M.Koehn,2017,1,1,0
00-0032669,T.Bertolet,2022,9,1,0
00-0032726,K.Fairbairn,2017,60,8,1
00-0032726,K.Fairbairn,2018,83,8,1
00-0032726,K.Fairbairn,2019,70,8,1
00-0032726,K.Fairbairn,2020,71,8,1
00-0032726,K.Fairbairn,2021,35,8,1
00-0032726,K.Fairbairn,2022,55,8,1
00-0032726,K.Fairbairn,2023,50,8,1
00-0032726,K.Fairbairn,2024,78,8,1
00-0032835,J.Brown,2020,3,1,0
00-0032870,A.Rosas,2017,48,5,0
00-0032870,A.Rosas,2018,65,5,0
00-0032870,A.Rosas,2019,56,5,0
00-0032870,A.Rosas,2020,20,5,0
00-0032870,A.Rosas,2021,19,5,0
00-0032896,D.Kaser,2017,3,1,0
00-0033102,R.Aguayo,2016,65,1,0
00-0033138,S.Ficken,2017,8,4,0
00-0033138,S.Ficken,2018,13,4,0
00-0033138,S.Ficken,2019,53,4,0
00-0033138,S.Ficken,2020,30,4,0
00-0033303,H.Butker,2017,70,8,1
00-0033303,H.Butker,2018,96,8,1
00-0033303,H.Butker,2019,86,8,1
00-0033303,H.Butker,2020,81,8,1
00-0033303,H.Butker,2021,77,8,1
00-0033303,H.Butker,2022,65,8,1
00-0033303,H.Butker,2023,73,8,1
00-0033303,H.Butker,2024,56,8,1
00-0033702,Y.Koo,2017,15,7,1
00-0033702,Y.Koo,2019,42,7,1
00-0033702,Y.Koo,2020,75,7,1
00-0033702,Y.Koo,2021,59,7,1
00-0033702,Y.Koo,2022,72,7,1
00-0033702,Y.Koo,2023,65,7,1
00-0033702,Y.Koo,2024,60,7,1
00-0033787,J.Elliott,2017,73,8,1
00-0033787,J.Elliott,2018,66,8,1
00-0033787,J.Elliott,2019,63,8,1
00-0033787,J.Elliott,2020,45,8,1
00-0033787,J.Elliott,2021,77,8,1
00-0033787,J.Elliott,2022,76,8,1
00-0033787,J.Elliott,2023,78,8,1
00-0033787,J.Elliott,2024,84,8,1
00-0033854,D.Ogunbowale,2023,1,1,0
00-0033862,Z.Gonzalez,2017,46,6,1
00-0033862,Z.Gonzalez,2018,25,6,1
00-0033862,Z.Gonzalez,2019,70,6,1
00-0033862,Z.Gonzalez,2020,61,6,1
00-0033862,Z.Gonzalez,2021,45,6,1
00-0033862,Z.Gonzalez,2024,26,6,1
00-0034084,M.Badgley,2018,44,6,1
00-0034084,M.Badgley,2019,35,6,1
00-0034084,M.Badgley,2020,72,6,1
00-0034084,M.Badgley,2021,63,6,1
00-0034084,M.Badgley,2022,61,6,1
00-0034084,M.Badgley,2023,19,6,1
00-0034161,D.Carlson,2018,45,7,1
00-0034161,D.Carlson,2019,62,7,1
00-0034161,D.Carlson,2020,82,7,1
00-0034161,D.Carlson,2021,76,7,1
00-0034161,D.Carlson,2022,73,7,1
00-0034161,D.Carlson,2023,62,7,1
00-0034161,D.Carlson,2024,65,7,1
00-0034173,E.Pineiro,2019,57,5,0
00-0034173,E.Pineiro,2021,18,5,0
00-0034173,E.Pineiro,2022,67,5,0
00-0034173,E.Pineiro,2023,49,5,0
00-0034173,E.Pineiro,2024,61,5,0
00-0034202,K.Vedvik,2019,2,1,0
00-0034361,J.Reid,2022,2,1,0
00-0034450,G.Joseph,2018,49,6,1
00-0034450,G.Joseph,2019,9,6,1
00-0034450,G.Joseph,2021,78,6,1
00-0034450,G.Joseph,2022,79,6,1
00-0034450,G.Joseph,2023,68,6,1
00-0034450,G.Joseph,2024,31,6,1
00-0034479,M.McCrane,2018,21,1,0
00-0034648,R.Santoso,2021,13,1,0
00-0034794,J.Sanders,2018,56,7,1
00-0034794,J.Sanders,2019,60,7,1
00-0034794,J.Sanders,2020,75,7,1
00-0034794,J.Sanders,2021,66,7,1
00-0034794,J.Sanders,2022,76,7,1
00-0034794,J.Sanders,2023,87,7,1
00-0034794,J.Sanders,2024,69,7,1
00-0034909,T.Vizcaino,2020,5,3,0
00-0034909,T.Vizcaino,2021,22,3,0
00-0034909,T.Vizcaino,2022,5,3,0
00-0034913,C.Blewitt,2021,7,1,0
00-0034921,E.Fry,2020,3,2,0
00-0034921,E.Fry,2021,10,2,0
00-0034941,M.Wishnowsky,2021,3,3,0
00-0034941,M.Wishnowsky,2022,2,3,0
00-0034941,M.Wishnowsky,2024,1,3,0
00-0035042,J.Gillan,2020,1,3,0
00-0035042,J.Gillan,2023,1,3,0
00-0035042,J.Gillan,2024,1,3,0
00-0035145,A.Seibert,2019,64,6,1
00-0035145,A.Seibert,2020,18,6,1
00-0035145,A.Seibert,2021,17,6,1
00-0035145,A.Seibert,2022,17,6,1
00-0035145,A.Seibert,2023,2,6,1
00-0035145,A.Seibert,2024,54,6,1
00-0035189,M.Wright,2020,11,5,0
00-0035189,M.Wright,2021,39,5,0
00-0035189,M.Wright,2022,33,5,0
00-0035189,M.Wright,2023,1,5,0
00-0035189,M.Wright,2024,22,5,0
00-0035192,J.Slye,2019,67,6,1
00-0035192,J.Slye,2020,72,6,1
00-0035192,J.Slye,2021,47,6,1
00-0035192,J.Slye,2022,58,6,1
00-0035192,J.Slye,2023,59,6,1
00-0035192,J.Slye,2024,59,6,1
00-0035269,M.Gay,2019,83,6,1
00-0035269,M.Gay,2020,32,6,1
00-0035269,M.Gay,2021,83,6,1
00-0035269,M.Gay,2022,62,6,1
00-0035269,M.Gay,2023,77,6,1
00-0035269,M.Gay,2024,70,6,1
00-0035358,C.McLaughlin,2019,49,6,1
00-0035358,C.McLaughlin,2020,11,6,1
00-0035358,C.McLaughlin,2021,58,6,1
00-0035358,C.McLaughlin,2022,57,6,1
00-0035358,C.McLaughlin,2023,64,6,1
00-0035358,C.McLaughlin,2024,88,6,1
00-0035758,L.Hajrullahu,2021,13,1,0
00-0035833,B.Wright,2020,2,1,0
00-0035849,R.Blankenship,2020,82,3,0
00-0035849,R.Blankenship,2021,22,3,0
00-0035849,R.Blankenship,2022,10,3,0
00-0036162,T.Bass,2020,93,5,0
00-0036162,T.Bass,2021,83,5,0
00-0036162,T.Bass,2022,81,5,0
00-0036162,T.Bass,2023,79,5,0
00-0036162,T.Bass,2024,93,5,0
00-0036168,D.Eberle,2021,8,2,0
00-0036168,D.Eberle,2022,5,2,0
00-0036436,S.Sloman,2020,39,1,0
00-0036459,T.Russolino,2020,4,1,0
00-0036469,M.Ammendola,2021,34,3,0
00-0036469,M.Ammendola,2022,14,3,0
00-0036469,M.Ammendola,2023,20,3,0
00-0036515,C.Naggar,2021,3,1,0
00-0036703,B.Johnson,2021,23,1,0
00-0036714,A.Kessman,2021,2,1,0
00-0036816,R.Patterson,2021,30,4,0
00-0036816,R.Patterson,2022,72,4,0
00-0036816,R.Patterson,2023,62,4,0
00-0036816,R.Patterson,2024,23,4,0
00-0036854,E.McPherson,2021,81,4,0
00-0036854,E.McPherson,2022,73,4,0
00-0036854,E.McPherson,2023,71,4,0
00-0036854,E.McPherson,2024,60,4,0
00-0037224,C.Dicker,2022,46,3,0
00-0037224,C.Dicker,2023,68,3,0
00-0037224,C.Dicker,2024,78,3,0
00-0037542,J.Romo,2024,20,1,0
00-0037606,C.Shudak,2022,5,1,0
00-0037645,N.Sciba,2022,3,1,0
00-0037692,B.Aubrey,2023,90,2,0
00-0037692,B.Aubrey,2024,77,2,0
00-0038097,C.York,2022,69,2,0
00-0038097,C.York,2024,30,2,0
00-0038152,L.Havrisik,2023,42,1,0
00-0038402,A.Carlson,2023,72,2,0
00-0038402,A.Carlson,2024,30,2,0
00-0038562,J.Moody,2023,86,2,0
00-0038562,J.Moody,2024,67,2,0
00-0038567,C.Ryland,2023,50,2,0
00-0038567,C.Ryland,2024,59,2,0
00-0038905,B.Grupe,2023,77,2,0
00-0038905,B.Grupe,2024,64,2,0
00-0039172,J.Bates,2024,96,1,0
00-0039404,W.Reichard,2024,68,1,0
00-0039409,C.Little,2024,56,1,0
00-0039576,S.Shrader,2024,14,1,0
00-0039649,B.Narveson,2024,36,1,0
00-0039750,J.Karty,2024,70,1,0
00-0039934,J.McAtamney,2024,2,1,0
