kicker_player_id,kicker_player_name,season,made,att,xp_pct,league_xp_pct,below_avg,season_label
00-0000108,D.Akers,1999,6,6,1.0,0.9886685552407932,False,1999
00-0000108,D.Akers,2000,34,36,0.9444444444444444,0.9905033238366572,True,2000---
00-0000108,D.Akers,2001,37,38,0.9736842105263158,0.9814995131450828,True,2001---
00-0000108,D.Akers,2002,43,43,1.0,0.9811965811965812,False,2002
00-0000108,D.Akers,2003,42,42,1.0,0.9823008849557522,False,2003
00-0000108,D.Akers,2004,41,42,0.9761904761904762,0.9899244332493703,True,2004---
00-0000108,D.Akers,2005,23,23,1.0,0.9847670250896058,False,2005
00-0000108,D.Akers,2006,48,48,1.0,0.9876977152899824,False,2006
00-0000108,D.Akers,2007,36,36,1.0,0.9856175972927242,False,2007
00-0000108,D.Akers,2008,45,45,1.0,0.9915254237288136,False,2008
00-0000108,D.Akers,2009,43,45,0.9555555555555556,0.9814658803706824,True,2009---
00-0000108,D.Akers,2010,47,47,1.0,0.9884963023829088,False,2010
00-0000108,D.Akers,2011,34,34,1.0,0.9942004971002486,False,2011
00-0000108,D.Akers,2012,44,44,1.0,0.9935327405012127,False,2012
00-0000108,D.Akers,2013,42,43,0.9767441860465116,0.9960536700868192,True,2013---
00-0000282,M.Andersen,1999,34,34,1.0,0.9886685552407932,False,1999
00-0000282,M.Andersen,2000,23,23,1.0,0.9905033238366572,False,2000
00-0000282,M.Andersen,2001,29,30,0.9666666666666667,0.9814995131450828,True,2001---
00-0000282,M.Andersen,2002,51,51,1.0,0.9811965811965812,False,2002
00-0000282,M.Andersen,2003,58,59,0.9830508474576272,0.9823008849557522,False,2003
00-0000282,M.Andersen,2004,45,45,1.0,0.9899244332493703,False,2004
00-0000282,M.Andersen,2006,27,27,1.0,0.9876977152899824,False,2006
00-0000282,M.Andersen,2007,24,24,1.0,0.9856175972927242,False,2007
00-0000313,G.Anderson,1999,46,46,1.0,0.9886685552407932,False,1999
00-0000313,G.Anderson,2000,45,45,1.0,0.9905033238366572,False,2000
00-0000313,G.Anderson,2001,29,30,0.9666666666666667,0.9814995131450828,True,2001---
00-0000313,G.Anderson,2002,36,37,0.972972972972973,0.9811965811965812,True,2002---
00-0000313,G.Anderson,2003,42,42,1.0,0.9823008849557522,False,2003
00-0000313,G.Anderson,2004,37,37,1.0,0.9899244332493703,False,2004
00-0001343,C.Blanchard,1999,19,19,1.0,0.9886685552407932,False,1999
00-0001343,C.Blanchard,2000,18,19,0.9473684210526315,0.9905033238366572,True,2000---
00-0001460,C.Boniol,1999,17,18,0.9444444444444444,0.9886685552407932,True,1999---
00-0001759,D.Brien,1999,20,21,0.9523809523809523,0.9886685552407932,True,1999---
00-0001759,D.Brien,2000,37,37,1.0,0.9905033238366572,False,2000
00-0001759,D.Brien,2001,2,2,1.0,0.9814995131450828,False,2001
00-0001759,D.Brien,2002,5,7,0.7142857142857143,0.9811965811965812,True,2002---
00-0001759,D.Brien,2003,24,24,1.0,0.9823008849557522,False,2003
00-0001759,D.Brien,2004,33,34,0.9705882352941176,0.9899244332493703,True,2004---
00-0001759,D.Brien,2005,7,7,1.0,0.9847670250896058,False,2005
00-0001980,K.Brown,1999,30,31,0.967741935483871,0.9886685552407932,True,1999---
00-0001980,K.Brown,2000,32,33,0.9696969696969697,0.9905033238366572,True,2000---
00-0001980,K.Brown,2001,34,37,0.918918918918919,0.9814995131450828,True,2001---
00-0001980,K.Brown,2002,20,20,1.0,0.9811965811965812,False,2002
00-0001980,K.Brown,2003,27,27,1.0,0.9823008849557522,False,2003
00-0001980,K.Brown,2004,34,34,1.0,0.9899244332493703,False,2004
00-0001980,K.Brown,2005,24,24,1.0,0.9847670250896058,False,2005
00-0001980,K.Brown,2006,26,27,0.9629629629629629,0.9876977152899824,True,2006---
00-0001980,K.Brown,2007,40,40,1.0,0.9856175972927242,False,2007
00-0001980,K.Brown,2008,37,37,1.0,0.9915254237288136,False,2008
00-0001980,K.Brown,2009,43,44,0.9772727272727273,0.9814658803706824,True,2009---
00-0001980,K.Brown,2010,8,8,1.0,0.9884963023829088,False,2010
00-0002655,J.Carney,1999,22,23,0.9565217391304348,0.9886685552407932,True,1999---
00-0002655,J.Carney,2000,26,26,1.0,0.9905033238366572,False,2000
00-0002655,J.Carney,2001,32,32,1.0,0.9814995131450828,False,2001
00-0002655,J.Carney,2002,37,37,1.0,0.9811965811965812,False,2002
00-0002655,J.Carney,2003,36,37,0.972972972972973,0.9823008849557522,True,2003---
00-0002655,J.Carney,2004,38,38,1.0,0.9899244332493703,False,2004
00-0002655,J.Carney,2005,22,22,1.0,0.9847670250896058,False,2005
00-0002655,J.Carney,2006,46,47,0.9787234042553191,0.9876977152899824,True,2006---
00-0002655,J.Carney,2007,27,28,0.9642857142857143,0.9856175972927242,True,2007---
00-0002655,J.Carney,2008,38,38,1.0,0.9915254237288136,False,2008
00-0002655,J.Carney,2009,50,52,0.9615384615384616,0.9814658803706824,True,2009---
00-0002655,J.Carney,2010,3,3,1.0,0.9884963023829088,False,2010
00-0002975,S.Christie,1999,33,33,1.0,0.9886685552407932,False,1999
00-0002975,S.Christie,2000,30,30,1.0,0.9905033238366572,False,2000
00-0002975,S.Christie,2001,6,6,1.0,0.9814995131450828,False,2001
00-0002975,S.Christie,2002,35,36,0.9722222222222222,0.9811965811965812,True,2002---
00-0002975,S.Christie,2003,36,36,1.0,0.9823008849557522,False,2003
00-0002975,S.Christie,2004,33,33,1.0,0.9899244332493703,False,2004
00-0003395,B.Conway,1999,49,50,0.98,0.9886685552407932,True,1999---
00-0003395,B.Conway,2000,8,8,1.0,0.9905033238366572,False,2000
00-0003395,B.Conway,2001,22,22,1.0,0.9814995131450828,False,2001
00-0003395,B.Conway,2002,4,4,1.0,0.9811965811965812,False,2002
00-0003395,B.Conway,2003,9,9,1.0,0.9823008849557522,False,2003
00-0003501,J.Cortez,2001,47,47,1.0,0.9814995131450828,False,2001
00-0003501,J.Cortez,2002,34,34,1.0,0.9811965811965812,False,2002
00-0003501,J.Cortez,2005,18,19,0.9473684210526315,0.9847670250896058,True,2005---
00-0003762,R.Cunningham,1999,36,37,0.972972972972973,0.9886685552407932,True,1999---
00-0003762,R.Cunningham,2000,9,9,1.0,0.9905033238366572,False,2000
00-0003762,R.Cunningham,2002,2,2,1.0,0.9811965811965812,False,2002
00-0003841,B.Daluiso,1999,9,9,1.0,0.9886685552407932,False,1999
00-0003841,B.Daluiso,2000,34,34,1.0,0.9905033238366572,False,2000
00-0003841,B.Daluiso,2001,1,2,0.5,0.9814995131450828,True,2001---
00-0004091,P.Dawson,1999,23,24,0.9583333333333334,0.9886685552407932,True,1999---
00-0004091,P.Dawson,2000,17,17,1.0,0.9905033238366572,False,2000
00-0004091,P.Dawson,2001,29,30,0.9666666666666667,0.9814995131450828,True,2001---
00-0004091,P.Dawson,2002,34,35,0.9714285714285714,0.9811965811965812,True,2002---
00-0004091,P.Dawson,2003,20,21,0.9523809523809523,0.9823008849557522,True,2003---
00-0004091,P.Dawson,2004,28,28,1.0,0.9899244332493703,False,2004
00-0004091,P.Dawson,2005,19,21,0.9047619047619048,0.9847670250896058,True,2005---
00-0004091,P.Dawson,2006,25,25,1.0,0.9876977152899824,False,2006
00-0004091,P.Dawson,2007,42,43,0.9767441860465116,0.9856175972927242,True,2007---
00-0004091,P.Dawson,2008,18,18,1.0,0.9915254237288136,False,2008
00-0004091,P.Dawson,2009,18,19,0.9473684210526315,0.9814658803706824,True,2009---
00-0004091,P.Dawson,2010,28,28,1.0,0.9884963023829088,False,2010
00-0004091,P.Dawson,2011,20,20,1.0,0.9942004971002486,False,2011
00-0004091,P.Dawson,2012,29,29,1.0,0.9935327405012127,False,2012
00-0004091,P.Dawson,2013,44,44,1.0,0.9960536700868192,False,2013
00-0004091,P.Dawson,2014,33,33,1.0,0.9926888708367181,False,2014
00-0004091,P.Dawson,2015,20,21,0.9523809523809523,0.9416598192276089,False,2015
00-0004091,P.Dawson,2016,33,34,0.9705882352941176,0.9364016736401674,False,2016
00-0004091,P.Dawson,2017,23,26,0.8846153846153846,0.9400352733686067,True,2017---
00-0004091,P.Dawson,2018,15,15,1.0,0.9425101214574899,False,2018
00-0004147,A.Del Greco,1999,43,43,1.0,0.9886685552407932,False,1999
00-0004147,A.Del Greco,2000,37,38,0.9736842105263158,0.9905033238366572,True,2000---
00-0004811,J.Elam,1999,29,29,1.0,0.9886685552407932,False,1999
00-0004811,J.Elam,2000,49,49,1.0,0.9905033238366572,False,2000
00-0004811,J.Elam,2001,31,31,1.0,0.9814995131450828,False,2001
00-0004811,J.Elam,2002,42,43,0.9767441860465116,0.9811965811965812,True,2002---
00-0004811,J.Elam,2003,39,39,1.0,0.9823008849557522,False,2003
00-0004811,J.Elam,2004,42,42,1.0,0.9899244332493703,False,2004
00-0004811,J.Elam,2005,43,44,0.9772727272727273,0.9847670250896058,True,2005---
00-0004811,J.Elam,2006,34,34,1.0,0.9876977152899824,False,2006
00-0004811,J.Elam,2007,33,33,1.0,0.9856175972927242,False,2007
00-0004811,J.Elam,2008,42,42,1.0,0.9915254237288136,False,2008
00-0004811,J.Elam,2009,32,33,0.9696969696969697,0.9814658803706824,True,2009---
00-0005363,D.Flutie,2005,1,1,1.0,0.9847670250896058,False,2005
00-0006181,T.Gowin,1999,8,8,1.0,0.9886685552407932,False,1999
00-0006182,B.Gowins,1999,3,3,1.0,0.9886685552407932,False,1999
00-0006223,M.Gramatica,1999,24,24,1.0,0.9886685552407932,False,1999
00-0006223,M.Gramatica,2000,42,42,1.0,0.9905033238366572,False,2000
00-0006223,M.Gramatica,2001,28,28,1.0,0.9814995131450828,False,2001
00-0006223,M.Gramatica,2002,32,32,1.0,0.9811965811965812,False,2002
00-0006223,M.Gramatica,2003,33,34,0.9705882352941176,0.9823008849557522,True,2003---
00-0006223,M.Gramatica,2004,21,22,0.9545454545454546,0.9899244332493703,True,2004---
00-0006223,M.Gramatica,2006,23,23,1.0,0.9876977152899824,False,2006
00-0006223,M.Gramatica,2007,8,8,1.0,0.9856175972927242,False,2007
00-0006223,M.Gramatica,2008,16,16,1.0,0.9915254237288136,False,2008
00-0006660,J.Hall,2000,9,9,1.0,0.9905033238366572,False,2000
00-0006662,J.Hall,1999,27,29,0.9310344827586207,0.9886685552407932,True,1999---
00-0006662,J.Hall,2000,30,30,1.0,0.9905033238366572,False,2000
00-0006662,J.Hall,2001,32,32,1.0,0.9814995131450828,False,2001
00-0006662,J.Hall,2002,35,37,0.9459459459459459,0.9811965811965812,True,2002---
00-0006662,J.Hall,2003,26,27,0.9629629629629629,0.9823008849557522,True,2003---
00-0006662,J.Hall,2004,13,13,1.0,0.9899244332493703,False,2004
00-0006662,J.Hall,2005,27,27,1.0,0.9847670250896058,False,2005
00-0006662,J.Hall,2006,9,9,1.0,0.9876977152899824,False,2006
00-0006800,J.Hanson,1999,28,29,0.9655172413793104,0.9886685552407932,True,1999---
00-0006800,J.Hanson,2000,29,29,1.0,0.9905033238366572,False,2000
00-0006800,J.Hanson,2001,23,23,1.0,0.9814995131450828,False,2001
00-0006800,J.Hanson,2002,31,31,1.0,0.9811965811965812,False,2002
00-0006800,J.Hanson,2003,26,27,0.9629629629629629,0.9823008849557522,True,2003---
00-0006800,J.Hanson,2004,28,28,1.0,0.9899244332493703,False,2004
00-0006800,J.Hanson,2005,27,27,1.0,0.9847670250896058,False,2005
00-0006800,J.Hanson,2006,30,30,1.0,0.9876977152899824,False,2006
00-0006800,J.Hanson,2007,35,36,0.9722222222222222,0.9856175972927242,True,2007---
00-0006800,J.Hanson,2008,25,26,0.9615384615384616,0.9915254237288136,True,2008---
00-0006800,J.Hanson,2009,25,25,1.0,0.9814658803706824,False,2009
00-0006800,J.Hanson,2010,19,19,1.0,0.9884963023829088,False,2010
00-0006800,J.Hanson,2011,54,54,1.0,0.9942004971002486,False,2011
00-0006800,J.Hanson,2012,38,38,1.0,0.9935327405012127,False,2012
00-0007308,C.Hentrich,2003,1,1,1.0,0.9823008849557522,False,2003
00-0007622,M.Hollis,1999,37,37,1.0,0.9886685552407932,False,1999
00-0007622,M.Hollis,2000,33,33,1.0,0.9905033238366572,False,2000
00-0007622,M.Hollis,2001,29,31,0.9354838709677419,0.9814995131450828,True,2001---
00-0007622,M.Hollis,2002,40,40,1.0,0.9811965811965812,False,2002
00-0007655,J.Holmes,2000,3,3,1.0,0.9905033238366572,False,2000
00-0007655,J.Holmes,2001,1,1,1.0,0.9814995131450828,False,2001
00-0007983,M.Husted,1999,30,30,1.0,0.9886685552407932,False,1999
00-0007983,M.Husted,2000,8,9,0.8888888888888888,0.9905033238366572,True,2000---
00-0007983,M.Husted,2002,3,3,1.0,0.9811965811965812,False,2002
00-0008080,C.Jacke,1999,26,26,1.0,0.9886685552407932,False,1999
00-0008231,J.Jaeger,1999,7,7,1.0,0.9886685552407932,False,1999
00-0008593,N.Johnson,1999,21,21,1.0,0.9886685552407932,False,1999
00-0009028,J.Kasay,1999,33,33,1.0,0.9886685552407932,False,1999
00-0009028,J.Kasay,2001,22,23,0.9565217391304348,0.9814995131450828,True,2001---
00-0009028,J.Kasay,2002,5,5,1.0,0.9811965811965812,False,2002
00-0009028,J.Kasay,2003,29,30,0.9666666666666667,0.9823008849557522,True,2003---
00-0009028,J.Kasay,2004,27,28,0.9642857142857143,0.9899244332493703,True,2004---
00-0009028,J.Kasay,2005,43,44,0.9772727272727273,0.9847670250896058,True,2005---
00-0009028,J.Kasay,2006,28,28,1.0,0.9876977152899824,False,2006
00-0009028,J.Kasay,2007,27,27,1.0,0.9856175972927242,False,2007
00-0009028,J.Kasay,2008,46,46,1.0,0.9915254237288136,False,2008
00-0009028,J.Kasay,2009,31,32,0.96875,0.9814658803706824,True,2009---
00-0009028,J.Kasay,2010,17,17,1.0,0.9884963023829088,False,2010
00-0009028,J.Kasay,2011,63,63,1.0,0.9942004971002486,False,2011
00-0009946,S.Lindsey,2000,5,5,1.0,0.9905033238366572,False,2000
00-0010072,R.Longwell,1999,38,38,1.0,0.9886685552407932,False,1999
00-0010072,R.Longwell,2000,32,32,1.0,0.9905033238366572,False,2000
00-0010072,R.Longwell,2001,44,45,0.9777777777777777,0.9814995131450828,True,2001---
00-0010072,R.Longwell,2002,44,44,1.0,0.9811965811965812,False,2002
00-0010072,R.Longwell,2003,51,51,1.0,0.9823008849557522,False,2003
00-0010072,R.Longwell,2004,48,48,1.0,0.9899244332493703,False,2004
00-0010072,R.Longwell,2005,30,31,0.967741935483871,0.9847670250896058,True,2005---
00-0010072,R.Longwell,2006,27,28,0.9642857142857143,0.9876977152899824,True,2006---
00-0010072,R.Longwell,2007,39,40,0.975,0.9856175972927242,True,2007---
00-0010072,R.Longwell,2008,40,40,1.0,0.9915254237288136,False,2008
00-0010072,R.Longwell,2009,54,55,0.9818181818181818,0.9814658803706824,False,2009
00-0010072,R.Longwell,2010,30,31,0.967741935483871,0.9884963023829088,True,2010---
00-0010072,R.Longwell,2011,38,39,0.9743589743589743,0.9942004971002486,True,2011---
00-0010373,O.Mare,1999,27,27,1.0,0.9886685552407932,False,1999
00-0010373,O.Mare,2000,31,32,0.96875,0.9905033238366572,True,2000---
00-0010373,O.Mare,2001,39,40,0.975,0.9814995131450828,True,2001---
00-0010373,O.Mare,2002,42,43,0.9767441860465116,0.9811965811965812,True,2002---
00-0010373,O.Mare,2003,33,34,0.9705882352941176,0.9823008849557522,True,2003---
00-0010373,O.Mare,2004,18,18,1.0,0.9899244332493703,False,2004
00-0010373,O.Mare,2005,33,33,1.0,0.9847670250896058,False,2005
00-0010373,O.Mare,2006,22,22,1.0,0.9876977152899824,False,2006
00-0010373,O.Mare,2007,34,34,1.0,0.9856175972927242,False,2007
00-0010373,O.Mare,2008,30,30,1.0,0.9915254237288136,False,2008
00-0010373,O.Mare,2009,28,28,1.0,0.9814658803706824,False,2009
00-0010373,O.Mare,2010,31,31,1.0,0.9884963023829088,False,2010
00-0010373,O.Mare,2011,44,45,0.9777777777777777,0.9942004971002486,True,2011---
00-0010373,O.Mare,2012,7,7,1.0,0.9935327405012127,False,2012
00-0010609,B.Maynard,2003,1,1,1.0,0.9823008849557522,False,2003
00-0011859,E.Murray,1999,10,10,1.0,0.9886685552407932,False,1999
00-0011859,E.Murray,2000,7,8,0.875,0.9905033238366572,True,2000---
00-0011970,J.Nedney,1999,13,13,1.0,0.9886685552407932,False,1999
00-0011970,J.Nedney,2000,24,24,1.0,0.9905033238366572,False,2000
00-0011970,J.Nedney,2001,34,35,0.9714285714285714,0.9814995131450828,True,2001---
00-0011970,J.Nedney,2002,36,36,1.0,0.9811965811965812,False,2002
00-0011970,J.Nedney,2003,0,1,0.0,0.9823008849557522,True,2003---
00-0011970,J.Nedney,2005,19,19,1.0,0.9847670250896058,False,2005
00-0011970,J.Nedney,2006,29,29,1.0,0.9876977152899824,False,2006
00-0011970,J.Nedney,2007,22,22,1.0,0.9856175972927242,False,2007
00-0011970,J.Nedney,2008,34,34,1.0,0.9915254237288136,False,2008
00-0011970,J.Nedney,2009,33,33,1.0,0.9814658803706824,False,2009
00-0011970,J.Nedney,2010,17,17,1.0,0.9884963023829088,False,2010
00-0012742,D.Pelfrey,1999,27,27,1.0,0.9886685552407932,False,1999
00-0012875,T.Peterson,1999,32,32,1.0,0.9886685552407932,False,1999
00-0012875,T.Peterson,2000,25,25,1.0,0.9905033238366572,False,2000
00-0012875,T.Peterson,2001,27,28,0.9642857142857143,0.9814995131450828,True,2001---
00-0012875,T.Peterson,2002,25,26,0.9615384615384616,0.9811965811965812,True,2002---
00-0012875,T.Peterson,2003,22,23,0.9565217391304348,0.9823008849557522,True,2003---
00-0012875,T.Peterson,2004,23,23,1.0,0.9899244332493703,False,2004
00-0012875,T.Peterson,2005,35,35,1.0,0.9847670250896058,False,2005
00-0013699,W.Richey,1999,30,31,0.967741935483871,0.9886685552407932,True,1999---
00-0013699,W.Richey,2000,43,45,0.9555555555555556,0.9905033238366572,True,2000---
00-0013699,W.Richey,2001,26,26,1.0,0.9814995131450828,False,2001
00-0014377,T.Sauerbrun,2004,4,4,1.0,0.9899244332493703,False,2004
00-0015194,H.Smith,2006,0,1,0.0,0.9876977152899824,True,2006---
00-0015784,M.Stover,1999,31,31,1.0,0.9886685552407932,False,1999
00-0015784,M.Stover,2000,30,30,1.0,0.9905033238366572,False,2000
00-0015784,M.Stover,2001,25,25,1.0,0.9814995131450828,False,2001
00-0015784,M.Stover,2002,33,33,1.0,0.9811965811965812,False,2002
00-0015784,M.Stover,2003,35,35,1.0,0.9823008849557522,False,2003
00-0015784,M.Stover,2004,30,30,1.0,0.9899244332493703,False,2004
00-0015784,M.Stover,2005,23,23,1.0,0.9847670250896058,False,2005
00-0015784,M.Stover,2006,37,37,1.0,0.9876977152899824,False,2006
00-0015784,M.Stover,2007,26,26,1.0,0.9856175972927242,False,2007
00-0015784,M.Stover,2008,41,41,1.0,0.9915254237288136,False,2008
00-0015784,M.Stover,2009,33,33,1.0,0.9814658803706824,False,2009
00-0015791,P.Stoyanovich,1999,45,45,1.0,0.9886685552407932,False,1999
00-0015791,P.Stoyanovich,2000,20,20,1.0,0.9905033238366572,False,2000
00-0016795,M.Unutoa,1999,1,1,1.0,0.9886685552407932,False,1999
00-0016830,M.Vanderjagt,1999,43,43,1.0,0.9886685552407932,False,1999
00-0016830,M.Vanderjagt,2000,46,46,1.0,0.9905033238366572,False,2000
00-0016830,M.Vanderjagt,2001,41,42,0.9761904761904762,0.9814995131450828,True,2001---
00-0016830,M.Vanderjagt,2002,34,34,1.0,0.9811965811965812,False,2002
00-0016830,M.Vanderjagt,2003,46,46,1.0,0.9823008849557522,False,2003
00-0016830,M.Vanderjagt,2004,59,60,0.9833333333333333,0.9899244332493703,True,2004---
00-0016830,M.Vanderjagt,2005,52,52,1.0,0.9847670250896058,False,2005
00-0016830,M.Vanderjagt,2006,33,33,1.0,0.9876977152899824,False,2006
00-0016919,A.Vinatieri,1999,29,30,0.9666666666666667,0.9886685552407932,True,1999---
00-0016919,A.Vinatieri,2000,25,25,1.0,0.9905033238366572,False,2000
00-0016919,A.Vinatieri,2001,41,42,0.9761904761904762,0.9814995131450828,True,2001---
00-0016919,A.Vinatieri,2002,36,36,1.0,0.9811965811965812,False,2002
00-0016919,A.Vinatieri,2003,37,38,0.9736842105263158,0.9823008849557522,True,2003---
00-0016919,A.Vinatieri,2004,48,48,1.0,0.9899244332493703,False,2004
00-0016919,A.Vinatieri,2005,40,41,0.975609756097561,0.9847670250896058,True,2005---
00-0016919,A.Vinatieri,2006,38,38,1.0,0.9876977152899824,False,2006
00-0016919,A.Vinatieri,2007,49,51,0.9607843137254902,0.9856175972927242,True,2007---
00-0016919,A.Vinatieri,2008,43,43,1.0,0.9915254237288136,False,2008
00-0016919,A.Vinatieri,2009,17,18,0.9444444444444444,0.9814658803706824,True,2009---
00-0016919,A.Vinatieri,2010,51,51,1.0,0.9884963023829088,False,2010
00-0016919,A.Vinatieri,2011,24,24,1.0,0.9942004971002486,False,2011
00-0016919,A.Vinatieri,2012,37,37,1.0,0.9935327405012127,False,2012
00-0016919,A.Vinatieri,2013,34,34,1.0,0.9960536700868192,False,2013
00-0016919,A.Vinatieri,2014,50,50,1.0,0.9926888708367181,False,2014
00-0016919,A.Vinatieri,2015,32,35,0.9142857142857143,0.9416598192276089,True,2015---
00-0016919,A.Vinatieri,2016,44,44,1.0,0.9364016736401674,False,2016
00-0016919,A.Vinatieri,2017,22,24,0.9166666666666666,0.9400352733686067,True,2017---
00-0016919,A.Vinatieri,2018,44,47,0.9361702127659575,0.9425101214574899,True,2018---
00-0016919,A.Vinatieri,2019,22,28,0.7857142857142857,0.9388429752066115,True,2019---
00-0017693,J.Wilkins,1999,61,61,1.0,0.9886685552407932,False,1999
00-0017693,J.Wilkins,2000,38,38,1.0,0.9905033238366572,False,2000
00-0017693,J.Wilkins,2001,58,58,1.0,0.9814995131450828,False,2001
00-0017693,J.Wilkins,2002,37,37,1.0,0.9811965811965812,False,2002
00-0017693,J.Wilkins,2003,46,46,1.0,0.9823008849557522,False,2003
00-0017693,J.Wilkins,2004,32,32,1.0,0.9899244332493703,False,2004
00-0017693,J.Wilkins,2005,36,36,1.0,0.9847670250896058,False,2005
00-0017693,J.Wilkins,2006,35,35,1.0,0.9876977152899824,False,2006
00-0017693,J.Wilkins,2007,25,25,1.0,0.9856175972927242,False,2007
00-0018949,T.Seder,2000,27,27,1.0,0.9905033238366572,False,2000
00-0018949,T.Seder,2001,12,12,1.0,0.9814995131450828,False,2001
00-0018949,T.Seder,2002,11,11,1.0,0.9811965811965812,False,2002
00-0018957,M.Simoneau,2005,1,2,0.5,0.9847670250896058,True,2005---
00-0019019,M.Knorr,2003,2,2,1.0,0.9823008849557522,False,2003
00-0019081,J.Arians,2001,16,17,0.9411764705882353,0.9814995131450828,True,2001---
00-0019253,J.Taylor,2004,11,11,1.0,0.9899244332493703,False,2004
00-0019310,R.Lindell,2000,25,25,1.0,0.9905033238366572,False,2000
00-0019310,R.Lindell,2001,33,33,1.0,0.9814995131450828,False,2001
00-0019310,R.Lindell,2002,38,38,1.0,0.9811965811965812,False,2002
00-0019310,R.Lindell,2003,24,24,1.0,0.9823008849557522,False,2003
00-0019310,R.Lindell,2004,45,45,1.0,0.9899244332493703,False,2004
00-0019310,R.Lindell,2005,26,26,1.0,0.9847670250896058,False,2005
00-0019310,R.Lindell,2006,33,33,1.0,0.9876977152899824,False,2006
00-0019310,R.Lindell,2007,24,24,1.0,0.9856175972927242,False,2007
00-0019310,R.Lindell,2008,34,34,1.0,0.9915254237288136,False,2008
00-0019310,R.Lindell,2009,24,24,1.0,0.9814658803706824,False,2009
00-0019310,R.Lindell,2010,31,32,0.96875,0.9884963023829088,True,2010---
00-0019310,R.Lindell,2011,25,25,1.0,0.9942004971002486,False,2011
00-0019310,R.Lindell,2012,39,39,1.0,0.9935327405012127,False,2012
00-0019310,R.Lindell,2013,31,31,1.0,0.9960536700868192,False,2013
00-0019343,J.Hilbert,2001,12,12,1.0,0.9814995131450828,False,2001
00-0019343,J.Hilbert,2002,3,3,1.0,0.9811965811965812,False,2002
00-0019440,K.Heppner,2000,17,17,1.0,0.9905033238366572,False,2000
00-0019490,P.Edinger,2000,21,21,1.0,0.9905033238366572,False,2000
00-0019490,P.Edinger,2001,34,34,1.0,0.9814995131450828,False,2001
00-0019490,P.Edinger,2002,29,29,1.0,0.9811965811965812,False,2002
00-0019490,P.Edinger,2003,26,26,1.0,0.9823008849557522,False,2003
00-0019490,P.Edinger,2004,22,22,1.0,0.9899244332493703,False,2004
00-0019490,P.Edinger,2005,31,31,1.0,0.9847670250896058,False,2005
00-0019536,S.Graham,2001,7,7,1.0,0.9814995131450828,False,2001
00-0019536,S.Graham,2002,21,21,1.0,0.9811965811965812,False,2002
00-0019536,S.Graham,2003,40,40,1.0,0.9823008849557522,False,2003
00-0019536,S.Graham,2004,41,41,1.0,0.9899244332493703,False,2004
00-0019536,S.Graham,2005,47,47,1.0,0.9847670250896058,False,2005
00-0019536,S.Graham,2006,40,42,0.9523809523809523,0.9876977152899824,True,2006---
00-0019536,S.Graham,2007,37,37,1.0,0.9856175972927242,False,2007
00-0019536,S.Graham,2008,15,15,1.0,0.9915254237288136,False,2008
00-0019536,S.Graham,2009,28,29,0.9655172413793104,0.9814658803706824,True,2009---
00-0019536,S.Graham,2010,39,41,0.9512195121951219,0.9884963023829088,True,2010---
00-0019536,S.Graham,2011,8,8,1.0,0.9942004971002486,False,2011
00-0019536,S.Graham,2012,45,45,1.0,0.9935327405012127,False,2012
00-0019536,S.Graham,2013,7,7,1.0,0.9960536700868192,False,2013
00-0019536,S.Graham,2014,46,47,0.9787234042553191,0.9926888708367181,True,2014---
00-0019536,S.Graham,2015,8,8,1.0,0.9416598192276089,False,2015
00-0019542,J.Tuthill,2002,20,21,0.9523809523809523,0.9811965811965812,True,2002---
00-0019646,S.Janikowski,2000,46,46,1.0,0.9905033238366572,False,2000
00-0019646,S.Janikowski,2001,42,42,1.0,0.9814995131450828,False,2001
00-0019646,S.Janikowski,2002,50,50,1.0,0.9811965811965812,False,2002
00-0019646,S.Janikowski,2003,28,29,0.9655172413793104,0.9823008849557522,True,2003---
00-0019646,S.Janikowski,2004,31,32,0.96875,0.9899244332493703,True,2004---
00-0019646,S.Janikowski,2005,30,30,1.0,0.9847670250896058,False,2005
00-0019646,S.Janikowski,2006,16,16,1.0,0.9876977152899824,False,2006
00-0019646,S.Janikowski,2007,28,28,1.0,0.9856175972927242,False,2007
00-0019646,S.Janikowski,2008,25,26,0.9615384615384616,0.9915254237288136,True,2008---
00-0019646,S.Janikowski,2009,17,17,1.0,0.9814658803706824,False,2009
00-0019646,S.Janikowski,2010,43,43,1.0,0.9884963023829088,False,2010
00-0019646,S.Janikowski,2011,36,36,1.0,0.9942004971002486,False,2011
00-0019646,S.Janikowski,2012,25,25,1.0,0.9935327405012127,False,2012
00-0019646,S.Janikowski,2013,37,37,1.0,0.9960536700868192,False,2013
00-0019646,S.Janikowski,2014,28,28,1.0,0.9926888708367181,False,2014
00-0019646,S.Janikowski,2015,38,39,0.9743589743589743,0.9416598192276089,False,2015
00-0019646,S.Janikowski,2016,37,39,0.9487179487179487,0.9364016736401674,False,2016
00-0019646,S.Janikowski,2018,48,51,0.9411764705882353,0.9425101214574899,True,2018---
00-0019676,N.Rackers,2000,21,21,1.0,0.9905033238366572,False,2000
00-0019676,N.Rackers,2001,23,24,0.9583333333333334,0.9814995131450828,True,2001---
00-0019676,N.Rackers,2002,30,32,0.9375,0.9811965811965812,True,2002---
00-0019676,N.Rackers,2003,8,8,1.0,0.9823008849557522,False,2003
00-0019676,N.Rackers,2004,28,28,1.0,0.9899244332493703,False,2004
00-0019676,N.Rackers,2005,20,20,1.0,0.9847670250896058,False,2005
00-0019676,N.Rackers,2006,32,32,1.0,0.9876977152899824,False,2006
00-0019676,N.Rackers,2007,47,48,0.9791666666666666,0.9856175972927242,True,2007---
00-0019676,N.Rackers,2008,44,44,1.0,0.9915254237288136,False,2008
00-0019676,N.Rackers,2009,37,38,0.9736842105263158,0.9814658803706824,True,2009---
00-0019676,N.Rackers,2010,43,43,1.0,0.9884963023829088,False,2010
00-0019676,N.Rackers,2011,39,40,0.975,0.9942004971002486,True,2011---
00-0019714,S.Lechler,2000,7,7,1.0,0.9905033238366572,False,2000
00-0019766,C.Oglesby,2001,7,7,1.0,0.9814995131450828,False,2001
00-0019770,J.Feely,2001,28,28,1.0,0.9814995131450828,False,2001
00-0019770,J.Feely,2002,42,43,0.9767441860465116,0.9811965811965812,True,2002---
00-0019770,J.Feely,2003,32,33,0.9696969696969697,0.9823008849557522,True,2003---
00-0019770,J.Feely,2004,40,40,1.0,0.9899244332493703,False,2004
00-0019770,J.Feely,2005,43,43,1.0,0.9847670250896058,False,2005
00-0019770,J.Feely,2006,38,38,1.0,0.9876977152899824,False,2006
00-0019770,J.Feely,2007,26,26,1.0,0.9856175972927242,False,2007
00-0019770,J.Feely,2008,39,39,1.0,0.9915254237288136,False,2008
00-0019770,J.Feely,2009,32,32,1.0,0.9814658803706824,False,2009
00-0019770,J.Feely,2010,29,29,1.0,0.9884963023829088,False,2010
00-0019770,J.Feely,2011,33,33,1.0,0.9942004971002486,False,2011
00-0019770,J.Feely,2012,25,25,1.0,0.9935327405012127,False,2012
00-0019770,J.Feely,2013,37,37,1.0,0.9960536700868192,False,2013
00-0019770,J.Feely,2014,5,6,0.8333333333333334,0.9926888708367181,True,2014---
00-0019778,L.Tynes,2004,58,60,0.9666666666666667,0.9899244332493703,True,2004---
00-0019778,L.Tynes,2005,44,45,0.9777777777777777,0.9847670250896058,True,2005---
00-0019778,L.Tynes,2006,35,36,0.9722222222222222,0.9876977152899824,True,2006---
00-0019778,L.Tynes,2007,40,42,0.9523809523809523,0.9856175972927242,True,2007---
00-0019778,L.Tynes,2008,3,3,1.0,0.9915254237288136,False,2008
00-0019778,L.Tynes,2009,45,45,1.0,0.9814658803706824,False,2009
00-0019778,L.Tynes,2010,43,43,1.0,0.9884963023829088,False,2010
00-0019778,L.Tynes,2011,43,43,1.0,0.9942004971002486,False,2011
00-0019778,L.Tynes,2012,46,46,1.0,0.9935327405012127,False,2012
00-0020296,B.Gramatica,2001,25,25,1.0,0.9814995131450828,False,2001
00-0020296,B.Gramatica,2002,29,29,1.0,0.9811965811965812,False,2002
00-0020296,B.Gramatica,2003,6,6,1.0,0.9823008849557522,False,2003
00-0020296,B.Gramatica,2004,0,1,0.0,0.9899244332493703,True,2004---
00-0020379,O.Pochman,2003,9,10,0.9,0.9823008849557522,True,2003---
00-0020577,D.Boyd,2002,7,7,1.0,0.9811965811965812,False,2002
00-0020578,M.Bryant,2002,30,32,0.9375,0.9811965811965812,True,2002---
00-0020578,M.Bryant,2003,17,17,1.0,0.9823008849557522,False,2003
00-0020578,M.Bryant,2004,12,12,1.0,0.9899244332493703,False,2004
00-0020578,M.Bryant,2005,31,31,1.0,0.9847670250896058,False,2005
00-0020578,M.Bryant,2006,22,23,0.9565217391304348,0.9876977152899824,True,2006---
00-0020578,M.Bryant,2007,34,34,1.0,0.9856175972927242,False,2007
00-0020578,M.Bryant,2008,35,36,0.9722222222222222,0.9915254237288136,True,2008---
00-0020578,M.Bryant,2009,10,10,1.0,0.9814658803706824,False,2009
00-0020578,M.Bryant,2010,44,44,1.0,0.9884963023829088,False,2010
00-0020578,M.Bryant,2011,45,45,1.0,0.9942004971002486,False,2011
00-0020578,M.Bryant,2012,44,44,1.0,0.9935327405012127,False,2012
00-0020578,M.Bryant,2013,39,39,1.0,0.9960536700868192,False,2013
00-0020578,M.Bryant,2014,40,40,1.0,0.9926888708367181,False,2014
00-0020578,M.Bryant,2015,26,26,1.0,0.9416598192276089,False,2015
00-0020578,M.Bryant,2016,56,57,0.9824561403508771,0.9364016736401674,False,2016
00-0020578,M.Bryant,2017,35,35,1.0,0.9400352733686067,False,2017
00-0020578,M.Bryant,2018,33,35,0.9428571428571428,0.9425101214574899,False,2018
00-0020578,M.Bryant,2019,14,15,0.9333333333333333,0.9388429752066115,True,2019---
00-0020677,T.France,2005,6,6,1.0,0.9847670250896058,False,2005
00-0020737,J.Reed,2002,10,11,0.9090909090909091,0.9811965811965812,True,2002---
00-0020737,J.Reed,2003,31,32,0.96875,0.9823008849557522,True,2003---
00-0020737,J.Reed,2004,38,38,1.0,0.9899244332493703,False,2004
00-0020737,Je.Reed,2004,2,2,1.0,0.9899244332493703,False,2004
00-0020737,J.Reed,2005,45,45,1.0,0.9847670250896058,False,2005
00-0020737,J.Reed,2006,41,41,1.0,0.9876977152899824,False,2006
00-0020737,J.Reed,2007,44,44,1.0,0.9856175972927242,False,2007
00-0020737,Je.Reed,2008,36,37,0.972972972972973,0.9915254237288136,True,2008---
00-0020737,J.Reed,2009,41,41,1.0,0.9814658803706824,False,2009
00-0020737,J.Reed,2010,32,32,1.0,0.9884963023829088,False,2010
00-0020962,R.Bironas,2005,30,32,0.9375,0.9847670250896058,True,2005---
00-0020962,R.Bironas,2006,32,32,1.0,0.9876977152899824,False,2006
00-0020962,R.Bironas,2007,28,28,1.0,0.9856175972927242,False,2007
00-0020962,R.Bironas,2008,40,40,1.0,0.9915254237288136,False,2008
00-0020962,R.Bironas,2009,37,37,1.0,0.9814658803706824,False,2009
00-0020962,R.Bironas,2010,38,38,1.0,0.9884963023829088,False,2010
00-0020962,R.Bironas,2011,34,34,1.0,0.9942004971002486,False,2011
00-0020962,R.Bironas,2012,35,35,1.0,0.9935327405012127,False,2012
00-0020962,R.Bironas,2013,41,41,1.0,0.9960536700868192,False,2013
00-0020972,B.Cundiff,2002,25,25,1.0,0.9811965811965812,False,2002
00-0020972,B.Cundiff,2003,30,31,0.967741935483871,0.9823008849557522,True,2003---
00-0020972,B.Cundiff,2004,31,31,1.0,0.9899244332493703,False,2004
00-0020972,B.Cundiff,2005,14,14,1.0,0.9847670250896058,False,2005
00-0020972,B.Cundiff,2009,23,23,1.0,0.9814658803706824,False,2009
00-0020972,B.Cundiff,2010,39,39,1.0,0.9884963023829088,False,2010
00-0020972,B.Cundiff,2011,38,38,1.0,0.9942004971002486,False,2011
00-0020972,B.Cundiff,2012,17,17,1.0,0.9935327405012127,False,2012
00-0020972,B.Cundiff,2013,32,32,1.0,0.9960536700868192,False,2013
00-0020972,B.Cundiff,2014,28,28,1.0,0.9926888708367181,False,2014
00-0021052,T.Duncan,2003,5,6,0.8333333333333334,0.9823008849557522,True,2003---
00-0021080,A.Elling,2003,48,48,1.0,0.9823008849557522,False,2003
00-0021080,A.Elling,2004,2,2,1.0,0.9899244332493703,False,2004
00-0021226,J.Chandler,2002,14,14,1.0,0.9811965811965812,False,2002
00-0021226,J.Chandler,2003,7,8,0.875,0.9823008849557522,True,2003---
00-0021226,J.Chandler,2004,14,14,1.0,0.9899244332493703,False,2004
00-0021347,H.Epstein,2002,13,13,1.0,0.9811965811965812,False,2002
00-0021389,O.Kimrin,2004,6,6,1.0,0.9899244332493703,False,2004
00-0021462,S.Marler,2003,30,30,1.0,0.9823008849557522,False,2003
00-0021940,J.Brown,2003,48,48,1.0,0.9823008849557522,False,2003
00-0021940,J.Brown,2004,40,40,1.0,0.9899244332493703,False,2004
00-0021940,J.Brown,2005,56,57,0.9824561403508771,0.9847670250896058,True,2005---
00-0021940,J.Brown,2006,36,36,1.0,0.9876977152899824,False,2006
00-0021940,J.Brown,2007,43,43,1.0,0.9856175972927242,False,2007
00-0021940,J.Brown,2008,19,19,1.0,0.9915254237288136,False,2008
00-0021940,Josh.Brown,2009,16,16,1.0,0.9814658803706824,False,2009
00-0021940,Josh.Brown,2010,26,27,0.9629629629629629,0.9884963023829088,True,2010---
00-0021940,Josh.Brown,2011,18,18,1.0,0.9942004971002486,False,2011
00-0021940,J.Brown,2012,8,8,1.0,0.9935327405012127,False,2012
00-0021940,J.Brown,2013,31,31,1.0,0.9960536700868192,False,2013
00-0021940,J.Brown,2014,44,44,1.0,0.9926888708367181,False,2014
00-0021940,J.Brown,2015,44,45,0.9777777777777777,0.9416598192276089,False,2015
00-0021940,J.Brown,2016,9,9,1.0,0.9364016736401674,False,2016
00-0022017,M.Scifres,2011,3,3,1.0,0.9942004971002486,False,2011
00-0022170,R.Hamilton,2005,0,1,0.0,0.9847670250896058,True,2005---
00-0022427,W.Welker,2004,1,1,1.0,0.9899244332493703,False,2004
00-0022427,W.Welker,2010,1,1,1.0,0.9884963023829088,False,2010
00-0022589,K.Larson,2007,0,1,0.0,0.9856175972927242,True,2007---
00-0022737,N.Kaeding,2004,54,55,0.9818181818181818,0.9899244332493703,True,2004---
00-0022737,N.Kaeding,2005,49,49,1.0,0.9847670250896058,False,2005
00-0022737,N.Kaeding,2006,58,58,1.0,0.9876977152899824,False,2006
00-0022737,N.Kaeding,2007,46,46,1.0,0.9856175972927242,False,2007
00-0022737,N.Kaeding,2008,46,46,1.0,0.9915254237288136,False,2008
00-0022737,N.Kaeding,2009,50,51,0.9803921568627451,0.9814658803706824,True,2009---
00-0022737,N.Kaeding,2010,40,40,1.0,0.9884963023829088,False,2010
00-0022737,N.Kaeding,2012,9,9,1.0,0.9935327405012127,False,2012
00-0022874,J.Scobee,2004,21,21,1.0,0.9899244332493703,False,2004
00-0022874,J.Scobee,2005,38,39,0.9743589743589743,0.9847670250896058,True,2005---
00-0022874,J.Scobee,2006,41,41,1.0,0.9876977152899824,False,2006
00-0022874,J.Scobee,2007,26,27,0.9629629629629629,0.9856175972927242,True,2007---
00-0022874,J.Scobee,2008,33,33,1.0,0.9915254237288136,False,2008
00-0022874,J.Scobee,2009,30,31,0.967741935483871,0.9814658803706824,True,2009---
00-0022874,J.Scobee,2010,41,41,1.0,0.9884963023829088,False,2010
00-0022874,J.Scobee,2011,24,24,1.0,0.9942004971002486,False,2011
00-0022874,J.Scobee,2012,18,19,0.9473684210526315,0.9935327405012127,True,2012---
00-0022874,J.Scobee,2013,22,23,0.9565217391304348,0.9960536700868192,True,2013---
00-0022874,J.Scobee,2014,23,23,1.0,0.9926888708367181,False,2014
00-0022874,J.Scobee,2015,6,7,0.8571428571428571,0.9416598192276089,True,2015---
00-0023001,S.Suisham,2005,8,8,1.0,0.9847670250896058,False,2005
00-0023001,S.Suisham,2006,14,14,1.0,0.9876977152899824,False,2006
00-0023001,S.Suisham,2007,29,30,0.9666666666666667,0.9856175972927242,True,2007---
00-0023001,S.Suisham,2008,25,25,1.0,0.9915254237288136,False,2008
00-0023001,S.Suisham,2009,25,26,0.9615384615384616,0.9814658803706824,True,2009---
00-0023001,S.Suisham,2010,19,19,1.0,0.9884963023829088,False,2010
00-0023001,S.Suisham,2011,36,36,1.0,0.9942004971002486,False,2011
00-0023001,S.Suisham,2012,34,34,1.0,0.9935327405012127,False,2012
00-0023001,S.Suisham,2013,39,39,1.0,0.9960536700868192,False,2013
00-0023001,S.Suisham,2014,45,45,1.0,0.9926888708367181,False,2014
00-0023096,N.Novak,2005,15,15,1.0,0.9847670250896058,False,2005
00-0023096,N.Novak,2006,10,10,1.0,0.9876977152899824,False,2006
00-0023096,N.Novak,2008,7,7,1.0,0.9915254237288136,False,2008
00-0023096,N.Novak,2011,41,42,0.9761904761904762,0.9942004971002486,True,2011---
00-0023096,N.Novak,2012,33,33,1.0,0.9935327405012127,False,2012
00-0023096,N.Novak,2013,42,42,1.0,0.9960536700868192,False,2013
00-0023096,N.Novak,2014,40,40,1.0,0.9926888708367181,False,2014
00-0023096,N.Novak,2015,29,31,0.9354838709677419,0.9416598192276089,True,2015---
00-0023096,N.Novak,2016,22,25,0.88,0.9364016736401674,True,2016---
00-0023096,N.Novak,2017,17,18,0.9444444444444444,0.9400352733686067,False,2017
00-0023234,M.Koenen,2006,4,4,1.0,0.9876977152899824,False,2006
00-0023252,R.Gould,2005,19,20,0.95,0.9847670250896058,True,2005---
00-0023252,R.Gould,2006,47,47,1.0,0.9876977152899824,False,2006
00-0023252,R.Gould,2007,33,33,1.0,0.9856175972927242,False,2007
00-0023252,R.Gould,2008,41,41,1.0,0.9915254237288136,False,2008
00-0023252,R.Gould,2009,33,33,1.0,0.9814658803706824,False,2009
00-0023252,R.Gould,2010,35,35,1.0,0.9884963023829088,False,2010
00-0023252,R.Gould,2011,37,37,1.0,0.9942004971002486,False,2011
00-0023252,R.Gould,2012,33,33,1.0,0.9935327405012127,False,2012
00-0023252,R.Gould,2013,45,46,0.9782608695652174,0.9960536700868192,True,2013---
00-0023252,R.Gould,2014,28,29,0.9655172413793104,0.9926888708367181,True,2014---
00-0023252,R.Gould,2015,28,29,0.9655172413793104,0.9416598192276089,False,2015
00-0023252,R.Gould,2016,20,23,0.8695652173913043,0.9364016736401674,True,2016---
00-0023252,R.Gould,2017,28,30,0.9333333333333333,0.9400352733686067,True,2017---
00-0023252,R.Gould,2018,27,29,0.9310344827586207,0.9425101214574899,True,2018---
00-0023252,R.Gould,2019,41,42,0.9761904761904762,0.9388429752066115,False,2019
00-0023252,R.Gould,2020,36,38,0.9473684210526315,0.929745889387145,False,2020
00-0023252,R.Gould,2021,39,40,0.975,0.933969769291965,False,2021
00-0023252,R.Gould,2022,50,51,0.9803921568627451,0.9460825610783488,False,2022
00-0023482,M.Nugent,2005,24,24,1.0,0.9847670250896058,False,2005
00-0023482,M.Nugent,2006,34,35,0.9714285714285714,0.9876977152899824,True,2006---
00-0023482,M.Nugent,2007,23,24,0.9583333333333334,0.9856175972927242,True,2007---
00-0023482,M.Nugent,2008,2,2,1.0,0.9915254237288136,False,2008
00-0023482,M.Nugent,2009,14,14,1.0,0.9814658803706824,False,2009
00-0023482,M.Nugent,2010,17,17,1.0,0.9884963023829088,False,2010
00-0023482,M.Nugent,2011,33,34,0.9705882352941176,0.9942004971002486,True,2011---
00-0023482,M.Nugent,2012,35,35,1.0,0.9935327405012127,False,2012
00-0023482,M.Nugent,2013,52,53,0.9811320754716981,0.9960536700868192,True,2013---
00-0023482,M.Nugent,2014,39,39,1.0,0.9926888708367181,False,2014
00-0023482,M.Nugent,2015,48,49,0.9795918367346939,0.9416598192276089,False,2015
00-0023482,M.Nugent,2016,23,29,0.7931034482758621,0.9364016736401674,True,2016---
00-0023482,M.Nugent,2017,15,17,0.8823529411764706,0.9400352733686067,True,2017---
00-0023482,M.Nugent,2018,4,5,0.8,0.9425101214574899,True,2018---
00-0023482,M.Nugent,2019,15,16,0.9375,0.9388429752066115,True,2019---
00-0023482,M.Nugent,2020,7,7,1.0,0.929745889387145,False,2020
00-0023635,D.Rayner,2006,31,32,0.96875,0.9876977152899824,True,2006---
00-0023635,D.Rayner,2007,14,14,1.0,0.9856175972927242,False,2007
00-0023635,D.Rayner,2008,3,3,1.0,0.9915254237288136,False,2008
00-0023635,D.Rayner,2010,16,16,1.0,0.9884963023829088,False,2010
00-0023635,D.Rayner,2011,13,13,1.0,0.9942004971002486,False,2011
00-0023728,S.Andrus,2009,10,10,1.0,0.9814658803706824,False,2009
00-0023728,S.Andrus,2010,3,3,1.0,0.9884963023829088,False,2010
00-0023853,M.Prater,2007,1,1,1.0,0.9856175972927242,False,2007
00-0023853,M.Prater,2008,39,40,0.975,0.9915254237288136,True,2008---
00-0023853,M.Prater,2009,32,32,1.0,0.9814658803706824,False,2009
00-0023853,M.Prater,2010,28,29,0.9655172413793104,0.9884963023829088,True,2010---
00-0023853,M.Prater,2011,30,30,1.0,0.9942004971002486,False,2011
00-0023853,M.Prater,2012,55,55,1.0,0.9935327405012127,False,2012
00-0023853,M.Prater,2013,75,75,1.0,0.9960536700868192,False,2013
00-0023853,M.Prater,2014,21,21,1.0,0.9926888708367181,False,2014
00-0023853,M.Prater,2015,36,39,0.9230769230769231,0.9416598192276089,True,2015---
00-0023853,M.Prater,2016,31,33,0.9393939393939394,0.9364016736401674,False,2016
00-0023853,M.Prater,2017,40,41,0.975609756097561,0.9400352733686067,False,2017
00-0023853,M.Prater,2018,30,30,1.0,0.9425101214574899,False,2018
00-0023853,M.Prater,2019,35,36,0.9722222222222222,0.9388429752066115,False,2019
00-0023853,M.Prater,2020,38,41,0.926829268292683,0.929745889387145,True,2020---
00-0023853,M.Prater,2021,47,49,0.9591836734693877,0.933969769291965,False,2021
00-0023853,M.Prater,2022,17,18,0.9444444444444444,0.9460825610783488,True,2022---
00-0023853,M.Prater,2023,22,23,0.9565217391304348,0.9589392643284859,True,2023---
00-0023853,M.Prater,2024,10,10,1.0,0.9580983078162773,False,2024
00-0024333,S.Gostkowski,2006,43,44,0.9772727272727273,0.9876977152899824,True,2006---
00-0024333,S.Gostkowski,2007,74,74,1.0,0.9856175972927242,False,2007
00-0024333,S.Gostkowski,2008,40,40,1.0,0.9915254237288136,False,2008
00-0024333,S.Gostkowski,2009,47,47,1.0,0.9814658803706824,False,2009
00-0024333,S.Gostkowski,2010,26,26,1.0,0.9884963023829088,False,2010
00-0024333,S.Gostkowski,2011,59,59,1.0,0.9942004971002486,False,2011
00-0024333,S.Gostkowski,2012,66,66,1.0,0.9935327405012127,False,2012
00-0024333,S.Gostkowski,2013,44,44,1.0,0.9960536700868192,False,2013
00-0024333,S.Gostkowski,2014,51,51,1.0,0.9926888708367181,False,2014
00-0024333,S.Gostkowski,2015,52,52,1.0,0.9416598192276089,False,2015
00-0024333,S.Gostkowski,2016,46,49,0.9387755102040817,0.9364016736401674,False,2016
00-0024333,S.Gostkowski,2017,45,47,0.9574468085106383,0.9400352733686067,False,2017
00-0024333,S.Gostkowski,2018,49,50,0.98,0.9425101214574899,False,2018
00-0024333,S.Gostkowski,2019,11,15,0.7333333333333333,0.9388429752066115,True,2019---
00-0024333,S.Gostkowski,2020,46,48,0.9583333333333334,0.929745889387145,False,2020
00-0025547,J.Medlock,2012,23,23,1.0,0.9935327405012127,False,2012
00-0025565,N.Folk,2007,53,53,1.0,0.9856175972927242,False,2007
00-0025565,N.Folk,2008,42,42,1.0,0.9915254237288136,False,2008
00-0025565,N.Folk,2009,36,36,1.0,0.9814658803706824,False,2009
00-0025565,N.Folk,2010,37,37,1.0,0.9884963023829088,False,2010
00-0025565,N.Folk,2011,44,44,1.0,0.9942004971002486,False,2011
00-0025565,N.Folk,2012,30,30,1.0,0.9935327405012127,False,2012
00-0025565,N.Folk,2013,27,27,1.0,0.9960536700868192,False,2013
00-0025565,N.Folk,2014,23,23,1.0,0.9926888708367181,False,2014
00-0025565,N.Folk,2015,19,19,1.0,0.9416598192276089,False,2015
00-0025565,N.Folk,2016,24,26,0.9230769230769231,0.9364016736401674,True,2016---
00-0025565,N.Folk,2017,7,9,0.7777777777777778,0.9400352733686067,True,2017---
00-0025565,N.Folk,2019,12,12,1.0,0.9388429752066115,False,2019
00-0025565,N.Folk,2020,30,33,0.9090909090909091,0.929745889387145,True,2020---
00-0025565,N.Folk,2021,42,47,0.8936170212765957,0.933969769291965,True,2021---
00-0025565,N.Folk,2022,32,35,0.9142857142857143,0.9460825610783488,True,2022---
00-0025565,N.Folk,2023,28,30,0.9333333333333333,0.9589392643284859,True,2023---
00-0025565,N.Folk,2024,25,25,1.0,0.9580983078162773,False,2024
00-0025580,M.Crosby,2007,48,48,1.0,0.9856175972927242,False,2007
00-0025580,M.Crosby,2008,46,46,1.0,0.9915254237288136,False,2008
00-0025580,M.Crosby,2009,48,49,0.9795918367346939,0.9814658803706824,True,2009---
00-0025580,M.Crosby,2010,46,46,1.0,0.9884963023829088,False,2010
00-0025580,M.Crosby,2011,68,69,0.9855072463768116,0.9942004971002486,True,2011---
00-0025580,M.Crosby,2012,50,50,1.0,0.9935327405012127,False,2012
00-0025580,M.Crosby,2013,42,42,1.0,0.9960536700868192,False,2013
00-0025580,M.Crosby,2014,53,55,0.9636363636363636,0.9926888708367181,True,2014---
00-0025580,M.Crosby,2015,36,36,1.0,0.9416598192276089,False,2015
00-0025580,M.Crosby,2016,44,47,0.9361702127659575,0.9364016736401674,True,2016---
00-0025580,M.Crosby,2017,33,35,0.9428571428571428,0.9400352733686067,False,2017
00-0025580,M.Crosby,2018,34,36,0.9444444444444444,0.9425101214574899,False,2018
00-0025580,M.Crosby,2019,40,41,0.975609756097561,0.9388429752066115,False,2019
00-0025580,M.Crosby,2020,59,63,0.9365079365079365,0.929745889387145,False,2020
00-0025580,M.Crosby,2021,49,51,0.9607843137254902,0.933969769291965,False,2021
00-0025580,M.Crosby,2022,37,39,0.9487179487179487,0.9460825610783488,False,2022
00-0025580,M.Crosby,2023,6,7,0.8571428571428571,0.9589392643284859,True,2023---
00-0025681,R.Schmitt,2009,2,2,1.0,0.9814658803706824,False,2009
00-0025824,G.Hartley,2008,28,28,1.0,0.9915254237288136,False,2008
00-0025824,G.Hartley,2009,10,11,0.9090909090909091,0.9814658803706824,True,2009---
00-0025824,G.Hartley,2010,40,40,1.0,0.9884963023829088,False,2010
00-0025824,G.Hartley,2012,57,57,1.0,0.9935327405012127,False,2012
00-0025824,G.Hartley,2013,41,41,1.0,0.9960536700868192,False,2013
00-0025824,G.Hartley,2014,2,2,1.0,0.9926888708367181,False,2014
00-0025944,S.Hauschka,2009,27,28,0.9642857142857143,0.9814658803706824,True,2009---
00-0025944,S.Hauschka,2010,10,10,1.0,0.9884963023829088,False,2010
00-0025944,S.Hauschka,2011,34,34,1.0,0.9942004971002486,False,2011
00-0025944,S.Hauschka,2012,46,48,0.9583333333333334,0.9935327405012127,True,2012---
00-0025944,S.Hauschka,2013,44,44,1.0,0.9960536700868192,False,2013
00-0025944,S.Hauschka,2014,41,41,1.0,0.9926888708367181,False,2014
00-0025944,S.Hauschka,2015,40,44,0.9090909090909091,0.9416598192276089,True,2015---
00-0025944,S.Hauschka,2016,29,35,0.8285714285714286,0.9364016736401674,True,2016---
00-0025944,S.Hauschka,2017,29,29,1.0,0.9400352733686067,False,2017
00-0025944,S.Hauschka,2018,25,26,0.9615384615384616,0.9425101214574899,False,2018
00-0025944,S.Hauschka,2019,30,32,0.9375,0.9388429752066115,True,2019---
00-0025944,S.Hauschka,2020,2,2,1.0,0.929745889387145,False,2020
00-0026003,D.Carpenter,2008,40,40,1.0,0.9915254237288136,False,2008
00-0026003,D.Carpenter,2009,37,38,0.9736842105263158,0.9814658803706824,True,2009---
00-0026003,D.Carpenter,2010,25,25,1.0,0.9884963023829088,False,2010
00-0026003,D.Carpenter,2011,26,26,1.0,0.9942004971002486,False,2011
00-0026003,D.Carpenter,2012,26,26,1.0,0.9935327405012127,False,2012
00-0026003,D.Carpenter,2013,32,32,1.0,0.9960536700868192,False,2013
00-0026003,D.Carpenter,2014,31,32,0.96875,0.9926888708367181,True,2014---
00-0026003,D.Carpenter,2015,34,40,0.85,0.9416598192276089,True,2015---
00-0026003,D.Carpenter,2016,40,45,0.8888888888888888,0.9364016736401674,True,2016---
00-0026138,C.Barth,2008,24,24,1.0,0.9915254237288136,False,2008
00-0026138,C.Barth,2009,12,12,1.0,0.9814658803706824,False,2009
00-0026138,C.Barth,2010,36,36,1.0,0.9884963023829088,False,2010
00-0026138,C.Barth,2011,23,23,1.0,0.9942004971002486,False,2011
00-0026138,C.Barth,2012,39,39,1.0,0.9935327405012127,False,2012
00-0026138,C.Barth,2014,15,15,1.0,0.9926888708367181,False,2014
00-0026138,C.Barth,2015,25,26,0.9615384615384616,0.9416598192276089,False,2015
00-0026138,C.Barth,2016,31,32,0.96875,0.9364016736401674,False,2016
00-0026138,C.Barth,2017,17,17,1.0,0.9400352733686067,False,2017
00-0026318,T.Mehlhaff,2008,9,10,0.9,0.9915254237288136,True,2008---
00-0026375,B.Coutu,2011,3,3,1.0,0.9942004971002486,False,2011
00-0026858,G.Gano,2009,6,7,0.8571428571428571,0.9814658803706824,True,2009---
00-0026858,G.Gano,2010,28,28,1.0,0.9884963023829088,False,2010
00-0026858,G.Gano,2011,25,26,0.9615384615384616,0.9942004971002486,True,2011---
00-0026858,G.Gano,2012,20,21,0.9523809523809523,0.9935327405012127,True,2012---
00-0026858,G.Gano,2013,42,42,1.0,0.9960536700868192,False,2013
00-0026858,G.Gano,2014,34,34,1.0,0.9926888708367181,False,2014
00-0026858,G.Gano,2015,56,59,0.9491525423728814,0.9416598192276089,False,2015
00-0026858,G.Gano,2016,31,34,0.9117647058823529,0.9364016736401674,True,2016---
00-0026858,G.Gano,2017,34,37,0.918918918918919,0.9400352733686067,True,2017---
00-0026858,G.Gano,2018,30,33,0.9090909090909091,0.9425101214574899,True,2018---
00-0026858,G.Gano,2020,21,23,0.9130434782608695,0.929745889387145,True,2020---
00-0026858,G.Gano,2021,17,17,1.0,0.933969769291965,False,2021
00-0026858,G.Gano,2022,32,34,0.9411764705882353,0.9460825610783488,True,2022---
00-0026858,G.Gano,2023,8,8,1.0,0.9589392643284859,False,2023
00-0026858,G.Gano,2024,15,15,1.0,0.9580983078162773,False,2024
00-0026968,R.Succop,2009,29,29,1.0,0.9814658803706824,False,2009
00-0026968,R.Succop,2010,42,42,1.0,0.9884963023829088,False,2010
00-0026968,R.Succop,2011,20,20,1.0,0.9942004971002486,False,2011
00-0026968,R.Succop,2012,17,17,1.0,0.9935327405012127,False,2012
00-0026968,R.Succop,2013,52,52,1.0,0.9960536700868192,False,2013
00-0026968,R.Succop,2014,27,27,1.0,0.9926888708367181,False,2014
00-0026968,R.Succop,2015,29,31,0.9354838709677419,0.9416598192276089,True,2015---
00-0026968,R.Succop,2016,39,41,0.9512195121951219,0.9364016736401674,False,2016
00-0026968,R.Succop,2017,31,33,0.9393939393939394,0.9400352733686067,True,2017---
00-0026968,R.Succop,2018,28,31,0.9032258064516129,0.9425101214574899,True,2018---
00-0026968,R.Succop,2019,24,25,0.96,0.9388429752066115,False,2019
00-0026968,R.Succop,2020,52,57,0.9122807017543859,0.929745889387145,True,2020---
00-0026968,R.Succop,2021,56,59,0.9491525423728814,0.933969769291965,False,2021
00-0026968,R.Succop,2022,24,25,0.96,0.9460825610783488,False,2022
00-0027119,D.Buehler,2010,42,44,0.9545454545454546,0.9884963023829088,True,2010---
00-0027191,C.Stitser,2010,8,10,0.8,0.9884963023829088,True,2010---
00-0027405,A.Pettrey,2010,5,5,1.0,0.9884963023829088,False,2010
00-0027855,N.Suh,2010,0,1,0.0,0.9884963023829088,True,2010---
00-0028058,A.Henery,2011,46,46,1.0,0.9942004971002486,False,2011
00-0028058,A.Henery,2012,25,26,0.9615384615384616,0.9935327405012127,True,2012---
00-0028058,A.Henery,2013,45,45,1.0,0.9960536700868192,False,2013
00-0028058,A.Henery,2014,5,5,1.0,0.9926888708367181,False,2014
00-0028347,S.Lanning,2013,1,1,1.0,0.9960536700868192,False,2013
00-0028660,D.Bailey,2011,39,39,1.0,0.9942004971002486,False,2011
00-0028660,D.Bailey,2012,37,37,1.0,0.9935327405012127,False,2012
00-0028660,D.Bailey,2013,47,47,1.0,0.9960536700868192,False,2013
00-0028660,D.Bailey,2014,56,56,1.0,0.9926888708367181,False,2014
00-0028660,D.Bailey,2015,25,25,1.0,0.9416598192276089,False,2015
00-0028660,D.Bailey,2016,46,46,1.0,0.9364016736401674,False,2016
00-0028660,D.Bailey,2017,26,28,0.9285714285714286,0.9400352733686067,True,2017---
00-0028660,D.Bailey,2018,30,31,0.967741935483871,0.9425101214574899,False,2018
00-0028660,D.Bailey,2019,40,44,0.9090909090909091,0.9388429752066115,True,2019---
00-0028660,D.Bailey,2020,37,43,0.8604651162790697,0.929745889387145,True,2020---
00-0028787,K.Forbath,2012,33,34,0.9705882352941176,0.9935327405012127,True,2012---
00-0028787,K.Forbath,2013,26,26,1.0,0.9960536700868192,False,2013
00-0028787,K.Forbath,2014,31,32,0.96875,0.9926888708367181,True,2014---
00-0028787,K.Forbath,2015,34,35,0.9714285714285714,0.9416598192276089,False,2015
00-0028787,K.Forbath,2016,11,14,0.7857142857142857,0.9364016736401674,True,2016---
00-0028787,K.Forbath,2017,34,39,0.8717948717948718,0.9400352733686067,True,2017---
00-0028787,K.Forbath,2018,3,3,1.0,0.9425101214574899,False,2018
00-0028787,K.Forbath,2019,11,12,0.9166666666666666,0.9388429752066115,True,2019---
00-0028787,K.Forbath,2020,4,5,0.8,0.929745889387145,True,2020---
00-0028872,J.Hekker,2018,1,1,1.0,0.9425101214574899,False,2018
00-0028907,G.Tavecchio,2017,33,34,0.9705882352941176,0.9400352733686067,False,2017
00-0028907,G.Tavecchio,2018,8,8,1.0,0.9425101214574899,False,2018
00-0029318,J.Potter,2013,7,7,1.0,0.9960536700868192,False,2013
00-0029421,R.Bullock,2013,26,26,1.0,0.9960536700868192,False,2013
00-0029421,R.Bullock,2014,40,40,1.0,0.9926888708367181,False,2014
00-0029421,R.Bullock,2015,22,25,0.88,0.9416598192276089,True,2015---
00-0029421,R.Bullock,2016,9,10,0.9,0.9364016736401674,True,2016---
00-0029421,R.Bullock,2017,31,33,0.9393939393939394,0.9400352733686067,True,2017---
00-0029421,R.Bullock,2018,39,41,0.9512195121951219,0.9425101214574899,False,2018
00-0029421,R.Bullock,2019,24,25,0.96,0.9388429752066115,False,2019
00-0029421,R.Bullock,2020,24,25,0.96,0.929745889387145,False,2020
00-0029421,R.Bullock,2021,42,45,0.9333333333333333,0.933969769291965,True,2021---
00-0029421,R.Bullock,2022,28,28,1.0,0.9460825610783488,False,2022
00-0029421,R.Bullock,2023,10,10,1.0,0.9589392643284859,False,2023
00-0029493,R.Quigley,2015,4,4,1.0,0.9416598192276089,False,2015
00-0029576,B.Walsh,2012,36,36,1.0,0.9935327405012127,False,2012
00-0029576,B.Walsh,2013,43,44,0.9772727272727273,0.9960536700868192,True,2013---
00-0029576,B.Walsh,2014,29,29,1.0,0.9926888708367181,False,2014
00-0029576,B.Walsh,2015,33,37,0.8918918918918919,0.9416598192276089,True,2015---
00-0029576,B.Walsh,2016,15,19,0.7894736842105263,0.9364016736401674,True,2016---
00-0029576,B.Walsh,2017,37,38,0.9736842105263158,0.9400352733686067,False,2017
00-0029597,J.Tucker,2012,42,42,1.0,0.9935327405012127,False,2012
00-0029597,J.Tucker,2013,26,26,1.0,0.9960536700868192,False,2013
00-0029597,J.Tucker,2014,42,42,1.0,0.9926888708367181,False,2014
00-0029597,J.Tucker,2015,29,29,1.0,0.9416598192276089,False,2015
00-0029597,J.Tucker,2016,27,27,1.0,0.9364016736401674,False,2016
00-0029597,J.Tucker,2017,39,39,1.0,0.9400352733686067,False,2017
00-0029597,J.Tucker,2018,36,37,0.972972972972973,0.9425101214574899,False,2018
00-0029597,J.Tucker,2019,57,59,0.9661016949152542,0.9388429752066115,False,2019
00-0029597,J.Tucker,2020,52,53,0.9811320754716981,0.929745889387145,False,2020
00-0029597,J.Tucker,2021,32,32,1.0,0.933969769291965,False,2021
00-0029597,J.Tucker,2022,31,32,0.96875,0.9460825610783488,False,2022
00-0029597,J.Tucker,2023,51,52,0.9807692307692307,0.9589392643284859,False,2023
00-0029597,J.Tucker,2024,60,62,0.967741935483871,0.9580983078162773,False,2024
00-0029621,G.Zuerlein,2012,26,26,1.0,0.9935327405012127,False,2012
00-0029621,G.Zuerlein,2013,34,34,1.0,0.9960536700868192,False,2013
00-0029621,G.Zuerlein,2014,34,35,0.9714285714285714,0.9926888708367181,True,2014---
00-0029621,G.Zuerlein,2015,26,28,0.9285714285714286,0.9416598192276089,True,2015---
00-0029621,G.Zuerlein,2016,23,23,1.0,0.9364016736401674,False,2016
00-0029621,G.Zuerlein,2017,44,46,0.9565217391304348,0.9400352733686067,False,2017
00-0029621,G.Zuerlein,2018,35,36,0.9722222222222222,0.9425101214574899,False,2018
00-0029621,G.Zuerlein,2019,42,42,1.0,0.9388429752066115,False,2019
00-0029621,G.Zuerlein,2020,33,36,0.9166666666666666,0.929745889387145,True,2020---
00-0029621,G.Zuerlein,2021,42,48,0.875,0.933969769291965,True,2021---
00-0029621,G.Zuerlein,2022,28,29,0.9655172413793104,0.9460825610783488,False,2022
00-0029621,G.Zuerlein,2023,15,16,0.9375,0.9589392643284859,True,2023---
00-0029621,G.Zuerlein,2024,13,14,0.9285714285714286,0.9580983078162773,True,2024---
00-0029822,B.McManus,2014,41,41,1.0,0.9926888708367181,False,2014
00-0029822,B.McManus,2015,35,36,0.9722222222222222,0.9416598192276089,False,2015
00-0029822,B.McManus,2016,32,33,0.9696969696969697,0.9364016736401674,False,2016
00-0029822,B.McManus,2017,27,27,1.0,0.9400352733686067,False,2017
00-0029822,B.McManus,2018,35,35,1.0,0.9425101214574899,False,2018
00-0029822,B.McManus,2019,25,26,0.9615384615384616,0.9388429752066115,False,2019
00-0029822,B.McManus,2020,24,27,0.8888888888888888,0.929745889387145,True,2020---
00-0029822,B.McManus,2021,33,34,0.9705882352941176,0.933969769291965,False,2021
00-0029822,B.McManus,2022,25,27,0.9259259259259259,0.9460825610783488,True,2022---
00-0029822,B.McManus,2023,35,35,1.0,0.9589392643284859,False,2023
00-0029822,B.McManus,2024,30,30,1.0,0.9580983078162773,False,2024
00-0030098,D.Hopkins,2015,39,40,0.975,0.9416598192276089,False,2015
00-0030098,D.Hopkins,2016,36,39,0.9230769230769231,0.9364016736401674,True,2016---
00-0030098,D.Hopkins,2017,18,19,0.9473684210526315,0.9400352733686067,False,2017
00-0030098,D.Hopkins,2018,25,26,0.9615384615384616,0.9425101214574899,False,2018
00-0030098,D.Hopkins,2019,21,22,0.9545454545454546,0.9388429752066115,False,2019
00-0030098,D.Hopkins,2020,30,32,0.9375,0.929745889387145,False,2020
00-0030098,D.Hopkins,2021,40,44,0.9090909090909091,0.933969769291965,True,2021---
00-0030098,D.Hopkins,2022,12,12,1.0,0.9460825610783488,False,2022
00-0030098,D.Hopkins,2023,24,26,0.9230769230769231,0.9589392643284859,True,2023---
00-0030098,D.Hopkins,2024,17,20,0.85,0.9580983078162773,True,2024---
00-0030196,J.Heath,2017,2,3,0.6666666666666666,0.9400352733686067,True,2017---
00-0030332,B.Maher,2018,32,33,0.9696969696969697,0.9425101214574899,False,2018
00-0030332,B.Maher,2019,36,36,1.0,0.9388429752066115,False,2019
00-0030332,B.Maher,2021,10,12,0.8333333333333334,0.933969769291965,True,2021---
00-0030332,B.Maher,2022,50,53,0.9433962264150944,0.9460825610783488,True,2022---
00-0030332,B.Maher,2023,13,15,0.8666666666666667,0.9589392643284859,True,2023---
00-0030390,C.Sturgis,2013,33,33,1.0,0.9960536700868192,False,2013
00-0030390,C.Sturgis,2014,41,41,1.0,0.9926888708367181,False,2014
00-0030390,C.Sturgis,2015,35,37,0.9459459459459459,0.9416598192276089,False,2015
00-0030390,C.Sturgis,2016,30,31,0.967741935483871,0.9364016736401674,False,2016
00-0030390,C.Sturgis,2017,1,2,0.5,0.9400352733686067,True,2017---
00-0030390,C.Sturgis,2018,9,15,0.6,0.9425101214574899,True,2018---
00-0030626,P.Murray,2014,31,31,1.0,0.9926888708367181,False,2014
00-0030626,P.Murray,2016,3,4,0.75,0.9364016736401674,True,2016---
00-0030626,P.Murray,2017,21,22,0.9545454545454546,0.9400352733686067,False,2017
00-0030850,C.Parkey,2014,54,54,1.0,0.9926888708367181,False,2014
00-0030850,C.Parkey,2015,7,7,1.0,0.9416598192276089,False,2015
00-0030850,C.Parkey,2016,20,21,0.9523809523809523,0.9364016736401674,False,2016
00-0030850,C.Parkey,2017,26,29,0.896551724137931,0.9400352733686067,True,2017---
00-0030850,C.Parkey,2018,42,45,0.9333333333333333,0.9425101214574899,True,2018---
00-0030850,C.Parkey,2019,5,6,0.8333333333333334,0.9388429752066115,True,2019---
00-0030850,C.Parkey,2020,43,47,0.9148936170212766,0.929745889387145,True,2020---
00-0030850,C.Parkey,2021,3,5,0.6,0.933969769291965,True,2021---
00-0030896,C.Catanzaro,2014,27,27,1.0,0.9926888708367181,False,2014
00-0030896,C.Catanzaro,2015,53,58,0.9137931034482759,0.9416598192276089,True,2015---
00-0030896,C.Catanzaro,2016,43,47,0.9148936170212766,0.9364016736401674,True,2016---
00-0030896,C.Catanzaro,2017,29,29,1.0,0.9400352733686067,False,2017
00-0030896,C.Catanzaro,2018,30,35,0.8571428571428571,0.9425101214574899,True,2018---
00-0031092,Z.Hocker,2015,12,13,0.9230769230769231,0.9416598192276089,True,2015---
00-0031093,N.Freese,2014,6,6,1.0,0.9926888708367181,False,2014
00-0031112,T.Coons,2015,22,24,0.9166666666666666,0.9416598192276089,True,2015---
00-0031112,T.Coons,2017,5,6,0.8333333333333334,0.9400352733686067,True,2017---
00-0031136,C.Boswell,2015,26,27,0.9629629629629629,0.9416598192276089,False,2015
00-0031136,C.Boswell,2016,36,36,1.0,0.9364016736401674,False,2016
00-0031136,C.Boswell,2017,37,39,0.9487179487179487,0.9400352733686067,False,2017
00-0031136,C.Boswell,2018,43,48,0.8958333333333334,0.9425101214574899,True,2018---
00-0031136,C.Boswell,2019,28,28,1.0,0.9388429752066115,False,2019
00-0031136,C.Boswell,2020,34,38,0.8947368421052632,0.929745889387145,True,2020---
00-0031136,C.Boswell,2021,27,29,0.9310344827586207,0.933969769291965,True,2021---
00-0031136,C.Boswell,2022,18,18,1.0,0.9460825610783488,False,2022
00-0031136,C.Boswell,2023,27,28,0.9642857142857143,0.9589392643284859,False,2023
00-0031136,C.Boswell,2024,35,35,1.0,0.9580983078162773,False,2024
00-0031203,C.Santos,2014,38,38,1.0,0.9926888708367181,False,2014
00-0031203,C.Santos,2015,39,41,0.9512195121951219,0.9416598192276089,False,2015
00-0031203,C.Santos,2016,36,39,0.9230769230769231,0.9364016736401674,True,2016---
00-0031203,C.Santos,2017,14,14,1.0,0.9400352733686067,False,2017
00-0031203,C.Santos,2018,22,23,0.9565217391304348,0.9425101214574899,False,2018
00-0031203,C.Santos,2019,12,12,1.0,0.9388429752066115,False,2019
00-0031203,C.Santos,2020,36,37,0.972972972972973,0.929745889387145,False,2020
00-0031203,C.Santos,2021,27,28,0.9642857142857143,0.933969769291965,False,2021
00-0031203,C.Santos,2022,27,32,0.84375,0.9460825610783488,True,2022---
00-0031203,C.Santos,2023,31,33,0.9393939393939394,0.9589392643284859,True,2023---
00-0031203,C.Santos,2024,25,26,0.9615384615384616,0.9580983078162773,False,2024
00-0031385,S.Castillo,2020,6,7,0.8571428571428571,0.929745889387145,True,2020---
00-0031492,J.Myers,2015,32,39,0.8205128205128205,0.9416598192276089,True,2015---
00-0031492,J.Myers,2016,29,32,0.90625,0.9364016736401674,True,2016---
00-0031492,J.Myers,2017,15,17,0.8823529411764706,0.9400352733686067,True,2017---
00-0031492,J.Myers,2018,30,33,0.9090909090909091,0.9425101214574899,True,2018---
00-0031492,J.Myers,2019,40,44,0.9090909090909091,0.9388429752066115,True,2019---
00-0031492,J.Myers,2020,49,53,0.9245283018867925,0.929745889387145,True,2020---
00-0031492,J.Myers,2021,44,47,0.9361702127659575,0.933969769291965,False,2021
00-0031492,J.Myers,2022,41,42,0.9761904761904762,0.9460825610783488,False,2022
00-0031492,J.Myers,2023,33,33,1.0,0.9589392643284859,False,2023
00-0031492,J.Myers,2024,37,40,0.925,0.9580983078162773,True,2024---
00-0031543,T.Long,2019,9,9,1.0,0.9388429752066115,False,2019
00-0031656,K.Brindza,2015,6,8,0.75,0.9416598192276089,True,2015---
00-0031718,A.Franks,2015,33,36,0.9166666666666666,0.9416598192276089,True,2015---
00-0031718,A.Franks,2016,41,42,0.9761904761904762,0.9364016736401674,False,2016
00-0032087,J.Lambo,2015,28,32,0.875,0.9416598192276089,True,2015---
00-0032087,J.Lambo,2016,42,46,0.9130434782608695,0.9364016736401674,True,2016---
00-0032087,J.Lambo,2017,22,24,0.9166666666666666,0.9400352733686067,True,2017---
00-0032087,J.Lambo,2018,19,20,0.95,0.9425101214574899,False,2018
00-0032087,J.Lambo,2019,19,20,0.95,0.9388429752066115,False,2019
00-0032087,J.Lambo,2020,8,10,0.8,0.929745889387145,True,2020---
00-0032087,J.Lambo,2021,5,7,0.7142857142857143,0.933969769291965,True,2021---
00-0032087,J.Lambo,2022,3,4,0.75,0.9460825610783488,True,2022---
00-0032569,W.Lutz,2016,49,50,0.98,0.9364016736401674,False,2016
00-0032569,W.Lutz,2017,47,50,0.94,0.9400352733686067,True,2017---
00-0032569,W.Lutz,2018,52,53,0.9811320754716981,0.9425101214574899,False,2018
00-0032569,W.Lutz,2019,48,49,0.9795918367346939,0.9388429752066115,False,2019
00-0032569,W.Lutz,2020,57,58,0.9827586206896551,0.929745889387145,False,2020
00-0032569,W.Lutz,2022,33,33,1.0,0.9460825610783488,False,2022
00-0032569,W.Lutz,2023,29,31,0.9354838709677419,0.9589392643284859,True,2023---
00-0032569,W.Lutz,2024,46,46,1.0,0.9580983078162773,False,2024
00-0032584,N.Rose,2017,23,26,0.8846153846153846,0.9400352733686067,True,2017---
00-0032616,M.Koehn,2017,1,1,1.0,0.9400352733686067,False,2017
00-0032669,T.Bertolet,2022,6,6,1.0,0.9460825610783488,False,2022
00-0032726,K.Fairbairn,2017,32,35,0.9142857142857143,0.9400352733686067,True,2017---
00-0032726,K.Fairbairn,2018,39,41,0.9512195121951219,0.9425101214574899,False,2018
00-0032726,K.Fairbairn,2019,40,45,0.8888888888888888,0.9388429752066115,True,2019---
00-0032726,K.Fairbairn,2020,37,40,0.925,0.929745889387145,True,2020---
00-0032726,K.Fairbairn,2021,13,16,0.8125,0.933969769291965,True,2021---
00-0032726,K.Fairbairn,2022,24,24,1.0,0.9460825610783488,False,2022
00-0032726,K.Fairbairn,2023,21,22,0.9545454545454546,0.9589392643284859,True,2023---
00-0032726,K.Fairbairn,2024,34,36,0.9444444444444444,0.9580983078162773,True,2024---
00-0032835,J.Brown,2020,1,1,1.0,0.929745889387145,False,2020
00-0032870,A.Rosas,2017,20,23,0.8695652173913043,0.9400352733686067,True,2017---
00-0032870,A.Rosas,2018,31,32,0.96875,0.9425101214574899,False,2018
00-0032870,A.Rosas,2019,35,39,0.8974358974358975,0.9388429752066115,True,2019---
00-0032870,A.Rosas,2020,9,9,1.0,0.929745889387145,False,2020
00-0032870,A.Rosas,2021,14,14,1.0,0.933969769291965,False,2021
00-0032896,D.Kaser,2017,1,3,0.3333333333333333,0.9400352733686067,True,2017---
00-0033102,R.Aguayo,2016,32,34,0.9411764705882353,0.9364016736401674,False,2016
00-0033138,S.Ficken,2017,4,5,0.8,0.9400352733686067,True,2017---
00-0033138,S.Ficken,2018,10,10,1.0,0.9425101214574899,False,2018
00-0033138,S.Ficken,2019,23,26,0.8846153846153846,0.9388429752066115,True,2019---
00-0033138,S.Ficken,2020,12,15,0.8,0.929745889387145,True,2020---
00-0033303,H.Butker,2017,28,28,1.0,0.9400352733686067,False,2017
00-0033303,H.Butker,2018,65,69,0.9420289855072463,0.9425101214574899,True,2018---
00-0033303,H.Butker,2019,45,48,0.9375,0.9388429752066115,True,2019---
00-0033303,H.Butker,2020,48,54,0.8888888888888888,0.929745889387145,True,2020---
00-0033303,H.Butker,2021,47,49,0.9591836734693877,0.933969769291965,False,2021
00-0033303,H.Butker,2022,38,41,0.926829268292683,0.9460825610783488,True,2022---
00-0033303,H.Butker,2023,38,38,1.0,0.9589392643284859,False,2023
00-0033303,H.Butker,2024,29,31,0.9354838709677419,0.9580983078162773,True,2024---
00-0033702,Y.Koo,2017,9,9,1.0,0.9400352733686067,False,2017
00-0033702,Y.Koo,2019,15,16,0.9375,0.9388429752066115,True,2019---
00-0033702,Y.Koo,2020,33,36,0.9166666666666666,0.929745889387145,True,2020---
00-0033702,Y.Koo,2021,30,30,1.0,0.933969769291965,False,2021
00-0033702,Y.Koo,2022,33,35,0.9428571428571428,0.9460825610783488,True,2022---
00-0033702,Y.Koo,2023,27,28,0.9642857142857143,0.9589392643284859,False,2023
00-0033702,Y.Koo,2024,26,26,1.0,0.9580983078162773,False,2024
00-0033787,J.Elliott,2017,39,42,0.9285714285714286,0.9400352733686067,True,2017---
00-0033787,J.Elliott,2018,33,35,0.9428571428571428,0.9425101214574899,False,2018
00-0033787,J.Elliott,2019,35,37,0.9459459459459459,0.9388429752066115,False,2019
00-0033787,J.Elliott,2020,24,26,0.9230769230769231,0.929745889387145,True,2020---
00-0033787,J.Elliott,2021,44,44,1.0,0.933969769291965,False,2021
00-0033787,J.Elliott,2022,51,53,0.9622641509433962,0.9460825610783488,False,2022
00-0033787,J.Elliott,2023,45,46,0.9782608695652174,0.9589392643284859,False,2023
00-0033787,J.Elliott,2024,47,48,0.9791666666666666,0.9580983078162773,False,2024
00-0033862,Z.Gonzalez,2017,25,26,0.9615384615384616,0.9400352733686067,False,2017
00-0033862,Z.Gonzalez,2018,8,11,0.7272727272727273,0.9425101214574899,True,2018---
00-0033862,Z.Gonzalez,2019,34,35,0.9714285714285714,0.9388429752066115,False,2019
00-0033862,Z.Gonzalez,2020,38,39,0.9743589743589743,0.929745889387145,False,2020
00-0033862,Z.Gonzalez,2021,22,23,0.9565217391304348,0.933969769291965,False,2021
00-0033862,Z.Gonzalez,2024,19,19,1.0,0.9580983078162773,False,2024
00-0034084,M.Badgley,2018,27,28,0.9642857142857143,0.9425101214574899,False,2018
00-0034084,M.Badgley,2019,19,19,1.0,0.9388429752066115,False,2019
00-0034084,M.Badgley,2020,36,39,0.9230769230769231,0.929745889387145,True,2020---
00-0034084,M.Badgley,2021,40,41,0.975609756097561,0.933969769291965,False,2021
00-0034084,M.Badgley,2022,33,33,1.0,0.9460825610783488,False,2022
00-0034084,M.Badgley,2023,13,15,0.8666666666666667,0.9589392643284859,True,2023---
00-0034161,D.Carlson,2018,24,24,1.0,0.9425101214574899,False,2018
00-0034161,D.Carlson,2019,34,36,0.9444444444444444,0.9388429752066115,False,2019
00-0034161,D.Carlson,2020,45,47,0.9574468085106383,0.929745889387145,False,2020
00-0034161,D.Carlson,2021,30,33,0.9090909090909091,0.933969769291965,True,2021---
00-0034161,D.Carlson,2022,35,36,0.9722222222222222,0.9460825610783488,False,2022
00-0034161,D.Carlson,2023,32,32,1.0,0.9589392643284859,False,2023
00-0034161,D.Carlson,2024,23,25,0.92,0.9580983078162773,True,2024---
00-0034173,E.Pineiro,2019,27,29,0.9310344827586207,0.9388429752066115,True,2019---
00-0034173,E.Pineiro,2021,9,10,0.9,0.933969769291965,True,2021---
00-0034173,E.Pineiro,2022,30,32,0.9375,0.9460825610783488,True,2022---
00-0034173,E.Pineiro,2023,17,20,0.85,0.9589392643284859,True,2023---
00-0034173,E.Pineiro,2024,33,35,0.9428571428571428,0.9580983078162773,True,2024---
00-0034202,K.Vedvik,2019,0,1,0.0,0.9388429752066115,True,2019---
00-0034361,J.Reid,2022,1,2,0.5,0.9460825610783488,True,2022---
00-0034450,G.Joseph,2018,25,29,0.8620689655172413,0.9425101214574899,True,2018---
00-0034450,G.Joseph,2019,9,9,1.0,0.9388429752066115,False,2019
00-0034450,G.Joseph,2021,36,40,0.9,0.933969769291965,True,2021---
00-0034450,G.Joseph,2022,40,46,0.8695652173913043,0.9460825610783488,True,2022---
00-0034450,G.Joseph,2023,36,38,0.9473684210526315,0.9589392643284859,True,2023---
00-0034450,G.Joseph,2024,11,11,1.0,0.9580983078162773,False,2024
00-0034479,M.McCrane,2018,9,9,1.0,0.9425101214574899,False,2018
00-0034648,R.Santoso,2021,6,8,0.75,0.933969769291965,True,2021---
00-0034794,J.Sanders,2018,35,36,0.9722222222222222,0.9425101214574899,False,2018
00-0034794,J.Sanders,2019,29,30,0.9666666666666667,0.9388429752066115,False,2019
00-0034794,J.Sanders,2020,36,36,1.0,0.929745889387145,False,2020
00-0034794,J.Sanders,2021,34,35,0.9714285714285714,0.933969769291965,False,2021
00-0034794,J.Sanders,2022,41,44,0.9318181818181818,0.9460825610783488,True,2022---
00-0034794,J.Sanders,2023,58,59,0.9830508474576272,0.9589392643284859,False,2023
00-0034794,J.Sanders,2024,26,28,0.9285714285714286,0.9580983078162773,True,2024---
00-0034909,T.Vizcaino,2020,2,2,1.0,0.929745889387145,False,2020
00-0034909,T.Vizcaino,2021,10,15,0.6666666666666666,0.933969769291965,True,2021---
00-0034909,T.Vizcaino,2022,3,3,1.0,0.9460825610783488,False,2022
00-0034913,C.Blewitt,2021,2,2,1.0,0.933969769291965,False,2021
00-0034921,E.Fry,2020,1,2,0.5,0.929745889387145,True,2020---
00-0034921,E.Fry,2021,4,5,0.8,0.933969769291965,True,2021---
00-0034941,M.Wishnowsky,2021,1,2,0.5,0.933969769291965,True,2021---
00-0034941,M.Wishnowsky,2022,1,2,0.5,0.9460825610783488,True,2022---
00-0035042,J.Gillan,2024,0,1,0.0,0.9580983078162773,True,2024---
00-0035145,A.Seibert,2019,30,35,0.8571428571428571,0.9388429752066115,True,2019---
00-0035145,A.Seibert,2020,8,9,0.8888888888888888,0.929745889387145,True,2020---
00-0035145,A.Seibert,2021,5,5,1.0,0.933969769291965,False,2021
00-0035145,A.Seibert,2022,12,12,1.0,0.9460825610783488,False,2022
00-0035145,A.Seibert,2023,1,1,1.0,0.9589392643284859,False,2023
00-0035145,A.Seibert,2024,22,24,0.9166666666666666,0.9580983078162773,True,2024---
00-0035189,M.Wright,2020,7,7,1.0,0.929745889387145,False,2020
00-0035189,M.Wright,2021,13,15,0.8666666666666667,0.933969769291965,True,2021---
00-0035189,M.Wright,2022,15,15,1.0,0.9460825610783488,False,2022
00-0035189,M.Wright,2024,6,6,1.0,0.9580983078162773,False,2024
00-0035192,J.Slye,2019,31,35,0.8857142857142857,0.9388429752066115,True,2019---
00-0035192,J.Slye,2020,33,36,0.9166666666666666,0.929745889387145,True,2020---
00-0035192,J.Slye,2021,18,22,0.8181818181818182,0.933969769291965,True,2021---
00-0035192,J.Slye,2022,24,28,0.8571428571428571,0.9460825610783488,True,2022---
00-0035192,J.Slye,2023,32,35,0.9142857142857143,0.9589392643284859,True,2023---
00-0035192,J.Slye,2024,25,26,0.9615384615384616,0.9580983078162773,False,2024
00-0035269,M.Gay,2019,43,48,0.8958333333333334,0.9388429752066115,True,2019---
00-0035269,M.Gay,2020,16,16,1.0,0.929745889387145,False,2020
00-0035269,M.Gay,2021,48,49,0.9795918367346939,0.933969769291965,False,2021
00-0035269,M.Gay,2022,31,32,0.96875,0.9460825610783488,False,2022
00-0035269,M.Gay,2023,35,36,0.9722222222222222,0.9589392643284859,False,2023
00-0035269,M.Gay,2024,33,33,1.0,0.9580983078162773,False,2024
00-0035358,C.McLaughlin,2019,26,26,1.0,0.9388429752066115,False,2019
00-0035358,C.McLaughlin,2020,5,6,0.8333333333333334,0.929745889387145,True,2020---
00-0035358,C.McLaughlin,2021,36,37,0.972972972972973,0.933969769291965,False,2021
00-0035358,C.McLaughlin,2022,21,21,1.0,0.9460825610783488,False,2022
00-0035358,C.McLaughlin,2023,33,33,1.0,0.9589392643284859,False,2023
00-0035358,C.McLaughlin,2024,54,56,0.9642857142857143,0.9580983078162773,False,2024
00-0035758,L.Hajrullahu,2021,8,8,1.0,0.933969769291965,False,2021
00-0035833,B.Wright,2020,1,2,0.5,0.929745889387145,True,2020---
00-0035849,R.Blankenship,2020,43,45,0.9555555555555556,0.929745889387145,False,2020
00-0035849,R.Blankenship,2021,7,8,0.875,0.933969769291965,True,2021---
00-0035849,R.Blankenship,2022,4,5,0.8,0.9460825610783488,True,2022---
00-0036162,T.Bass,2020,57,59,0.9661016949152542,0.929745889387145,False,2020
00-0036162,T.Bass,2021,51,51,1.0,0.933969769291965,False,2021
00-0036162,T.Bass,2022,48,50,0.96,0.9460825610783488,False,2022
00-0036162,T.Bass,2023,49,50,0.98,0.9589392643284859,False,2023
00-0036162,T.Bass,2024,59,64,0.921875,0.9580983078162773,True,2024---
00-0036168,D.Eberle,2021,5,5,1.0,0.933969769291965,False,2021
00-0036168,D.Eberle,2022,2,4,0.5,0.9460825610783488,True,2022---
00-0036436,S.Sloman,2020,23,26,0.8846153846153846,0.929745889387145,True,2020---
00-0036459,T.Russolino,2020,1,3,0.3333333333333333,0.929745889387145,True,2020---
00-0036469,M.Ammendola,2021,14,15,0.9333333333333333,0.933969769291965,True,2021---
00-0036469,M.Ammendola,2022,5,7,0.7142857142857143,0.9460825610783488,True,2022---
00-0036469,M.Ammendola,2023,10,11,0.9090909090909091,0.9589392643284859,True,2023---
00-0036515,C.Naggar,2021,1,2,0.5,0.933969769291965,True,2021---
00-0036703,B.Johnson,2021,9,13,0.6923076923076923,0.933969769291965,True,2021---
00-0036714,A.Kessman,2021,0,2,0.0,0.933969769291965,True,2021---
00-0036816,R.Patterson,2021,16,16,1.0,0.933969769291965,False,2021
00-0036816,R.Patterson,2022,36,37,0.972972972972973,0.9460825610783488,False,2022
00-0036816,R.Patterson,2023,41,44,0.9318181818181818,0.9589392643284859,True,2023---
00-0036816,R.Patterson,2024,16,16,1.0,0.9580983078162773,False,2024
00-0036854,E.McPherson,2021,46,48,0.9583333333333334,0.933969769291965,False,2021
00-0036854,E.McPherson,2022,40,44,0.9090909090909091,0.9460825610783488,True,2022---
00-0036854,E.McPherson,2023,40,40,1.0,0.9589392643284859,False,2023
00-0036854,E.McPherson,2024,37,38,0.9736842105263158,0.9580983078162773,False,2024
00-0037224,C.Dicker,2022,24,24,1.0,0.9460825610783488,False,2022
00-0037224,C.Dicker,2023,35,35,1.0,0.9589392643284859,False,2023
00-0037224,C.Dicker,2024,33,36,0.9166666666666666,0.9580983078162773,True,2024---
00-0037542,J.Romo,2024,7,8,0.875,0.9580983078162773,True,2024---
00-0037606,C.Shudak,2022,1,1,1.0,0.9460825610783488,False,2022
00-0037645,N.Sciba,2022,1,1,1.0,0.9460825610783488,False,2022
00-0037692,B.Aubrey,2023,49,52,0.9423076923076923,0.9589392643284859,True,2023---
00-0037692,B.Aubrey,2024,30,30,1.0,0.9580983078162773,False,2024
00-0038097,C.York,2022,35,37,0.9459459459459459,0.9460825610783488,True,2022---
00-0038097,C.York,2024,16,17,0.9411764705882353,0.9580983078162773,True,2024---
00-0038152,L.Havrisik,2023,19,22,0.8636363636363636,0.9589392643284859,True,2023---
00-0038402,A.Carlson,2023,34,39,0.8717948717948718,0.9589392643284859,True,2023---
00-0038402,A.Carlson,2024,12,15,0.8,0.9580983078162773,True,2024---
00-0038562,J.Moody,2023,60,61,0.9836065573770492,0.9589392643284859,False,2023
00-0038562,J.Moody,2024,32,33,0.9696969696969697,0.9580983078162773,False,2024
00-0038567,C.Ryland,2023,24,25,0.96,0.9589392643284859,False,2023
00-0038567,C.Ryland,2024,26,27,0.9629629629629629,0.9580983078162773,False,2024
00-0038905,B.Grupe,2023,40,40,1.0,0.9589392643284859,False,2023
00-0038905,B.Grupe,2024,31,33,0.9393939393939394,0.9580983078162773,True,2024---
00-0039172,J.Bates,2024,64,67,0.9552238805970149,0.9580983078162773,True,2024---
00-0039404,W.Reichard,2024,38,38,1.0,0.9580983078162773,False,2024
00-0039409,C.Little,2024,27,27,1.0,0.9580983078162773,False,2024
00-0039576,S.Shrader,2024,9,9,1.0,0.9580983078162773,False,2024
00-0039649,B.Narveson,2024,18,18,1.0,0.9580983078162773,False,2024
00-0039750,J.Karty,2024,32,36,0.8888888888888888,0.9580983078162773,True,2024---
00-0039934,J.McAtamney,2024,1,1,1.0,0.9580983078162773,False,2024
