kicker_player_id,kicker_player_name,season,posteam,made,att,xp_pct,league_xp_pct,below_avg,season_label
00-0000108,D.Akers,1999,PHI,6,6,1.0,0.9886685552407932,False,1999
00-0000108,D.Akers,2000,PHI,34,36,0.9444444444444444,0.9905033238366572,True,2000---
00-0000108,D.Akers,2001,PHI,37,38,0.9736842105263158,0.9814995131450828,True,2001---
00-0000108,D.Akers,2002,PHI,43,43,1.0,0.9811965811965812,False,2002
00-0000108,D.Akers,2003,PHI,42,42,1.0,0.9823008849557522,False,2003
00-0000108,D.Akers,2004,PHI,41,42,0.9761904761904762,0.9899244332493703,True,2004---
00-0000108,D.Akers,2005,PHI,23,23,1.0,0.9847670250896058,False,2005
00-0000108,D.Akers,2006,PHI,48,48,1.0,0.9876977152899824,False,2006
00-0000108,D.Akers,2007,PHI,36,36,1.0,0.9856175972927242,False,2007
00-0000108,D.Akers,2008,PHI,45,45,1.0,0.9915254237288136,False,2008
00-0000108,D.Akers,2009,PHI,43,45,0.9555555555555556,0.9814658803706824,True,2009---
00-0000108,D.Akers,2010,PHI,47,47,1.0,0.9884963023829088,False,2010
00-0000108,D.Akers,2011,SF,34,34,1.0,0.9942004971002486,False,2011
00-0000108,D.Akers,2012,SF,44,44,1.0,0.9935327405012127,False,2012
00-0000108,D.Akers,2013,DET,42,43,0.9767441860465116,0.9960536700868192,True,2013---
,,,,,,,,,
00-0000282,M.Andersen,1999,ATL,34,34,1.0,0.9886685552407932,False,1999
00-0000282,M.Andersen,2000,ATL,23,23,1.0,0.9905033238366572,False,2000
00-0000282,M.Andersen,2001,NYG,29,30,0.9666666666666667,0.9814995131450828,True,2001---
00-0000282,M.Andersen,2002,KC,51,51,1.0,0.9811965811965812,False,2002
00-0000282,M.Andersen,2003,KC,58,59,0.9830508474576272,0.9823008849557522,False,2003
00-0000282,M.Andersen,2004,MIN,45,45,1.0,0.9899244332493703,False,2004
00-0000282,M.Andersen,2006,ATL,27,27,1.0,0.9876977152899824,False,2006
00-0000282,M.Andersen,2007,ATL,24,24,1.0,0.9856175972927242,False,2007
,,,,,,,,,
00-0000313,G.Anderson,1999,MIN,46,46,1.0,0.9886685552407932,False,1999
00-0000313,G.Anderson,2000,MIN,45,45,1.0,0.9905033238366572,False,2000
00-0000313,G.Anderson,2001,MIN,29,30,0.9666666666666667,0.9814995131450828,True,2001---
00-0000313,G.Anderson,2002,MIN,36,37,0.972972972972973,0.9811965811965812,True,2002---
00-0000313,G.Anderson,2003,TEN,42,42,1.0,0.9823008849557522,False,2003
00-0000313,G.Anderson,2004,TEN,37,37,1.0,0.9899244332493703,False,2004
,,,,,,,,,
00-0001343,C.Blanchard,1999,NYG,19,19,1.0,0.9886685552407932,False,1999
00-0001343,C.Blanchard,2000,ARI,18,19,0.9473684210526315,0.9905033238366572,True,2000---
,,,,,,,,,
00-0001460,C.Boniol,1999,CHI,17,18,0.9444444444444444,0.9886685552407932,True,1999---
,,,,,,,,,
00-0001759,D.Brien,1999,NO,20,21,0.9523809523809523,0.9886685552407932,True,1999---
00-0001759,D.Brien,2000,NO,37,37,1.0,0.9905033238366572,False,2000
00-0001759,D.Brien,2001,TB,2,2,1.0,0.9814995131450828,False,2001
00-0001759,D.Brien,2002,MIN,5,7,0.7142857142857143,0.9811965811965812,True,2002---
00-0001759,D.Brien,2003,NYJ,24,24,1.0,0.9823008849557522,False,2003
00-0001759,D.Brien,2004,NYJ,33,34,0.9705882352941176,0.9899244332493703,True,2004---
00-0001759,D.Brien,2005,CHI,7,7,1.0,0.9847670250896058,False,2005
,,,,,,,,,
00-0001980,K.Brown,1999,PIT,30,31,0.967741935483871,0.9886685552407932,True,1999---
00-0001980,K.Brown,2000,PIT,32,33,0.9696969696969697,0.9905033238366572,True,2000---
00-0001980,K.Brown,2001,PIT,34,37,0.918918918918919,0.9814995131450828,True,2001---
00-0001980,K.Brown,2002,HOU,20,20,1.0,0.9811965811965812,False,2002
00-0001980,K.Brown,2003,HOU,27,27,1.0,0.9823008849557522,False,2003
00-0001980,K.Brown,2004,HOU,34,34,1.0,0.9899244332493703,False,2004
00-0001980,K.Brown,2005,HOU,24,24,1.0,0.9847670250896058,False,2005
00-0001980,K.Brown,2006,HOU,26,27,0.9629629629629629,0.9876977152899824,True,2006---
00-0001980,K.Brown,2007,HOU,40,40,1.0,0.9856175972927242,False,2007
00-0001980,K.Brown,2008,HOU,37,37,1.0,0.9915254237288136,False,2008
00-0001980,K.Brown,2009,HOU,43,44,0.9772727272727273,0.9814658803706824,True,2009---
00-0001980,K.Brown,2010,LAC,8,8,1.0,0.9884963023829088,False,2010
,,,,,,,,,
00-0002655,J.Carney,1999,LAC,22,23,0.9565217391304348,0.9886685552407932,True,1999---
00-0002655,J.Carney,2000,LAC,26,26,1.0,0.9905033238366572,False,2000
00-0002655,J.Carney,2001,NO,32,32,1.0,0.9814995131450828,False,2001
00-0002655,J.Carney,2002,NO,37,37,1.0,0.9811965811965812,False,2002
00-0002655,J.Carney,2003,NO,36,37,0.972972972972973,0.9823008849557522,True,2003---
00-0002655,J.Carney,2004,NO,38,38,1.0,0.9899244332493703,False,2004
00-0002655,J.Carney,2005,NO,22,22,1.0,0.9847670250896058,False,2005
00-0002655,J.Carney,2006,NO,46,47,0.9787234042553191,0.9876977152899824,True,2006---
00-0002655,J.Carney,2007,JAX,20,21,0.9523809523809523,0.9856175972927242,True,2007---
00-0002655,J.Carney,2007,KC,7,7,1.0,0.9856175972927242,False,2007
00-0002655,J.Carney,2008,NYG,38,38,1.0,0.9915254237288136,False,2008
00-0002655,J.Carney,2009,NO,50,52,0.9615384615384616,0.9814658803706824,True,2009---
00-0002655,J.Carney,2010,NO,3,3,1.0,0.9884963023829088,False,2010
,,,,,,,,,
00-0002975,S.Christie,1999,BUF,33,33,1.0,0.9886685552407932,False,1999
00-0002975,S.Christie,2000,BUF,30,30,1.0,0.9905033238366572,False,2000
00-0002975,S.Christie,2001,LAC,6,6,1.0,0.9814995131450828,False,2001
00-0002975,S.Christie,2002,LAC,35,36,0.9722222222222222,0.9811965811965812,True,2002---
00-0002975,S.Christie,2003,LAC,36,36,1.0,0.9823008849557522,False,2003
00-0002975,S.Christie,2004,NYG,33,33,1.0,0.9899244332493703,False,2004
,,,,,,,,,
00-0003395,B.Conway,1999,WAS,49,50,0.98,0.9886685552407932,True,1999---
00-0003395,B.Conway,2000,LV,3,3,1.0,0.9905033238366572,False,2000
00-0003395,B.Conway,2000,NYJ,2,2,1.0,0.9905033238366572,False,2000
00-0003395,B.Conway,2000,WAS,3,3,1.0,0.9905033238366572,False,2000
00-0003395,B.Conway,2001,WAS,22,22,1.0,0.9814995131450828,False,2001
00-0003395,B.Conway,2002,WAS,4,4,1.0,0.9811965811965812,False,2002
00-0003395,B.Conway,2003,CLE,3,3,1.0,0.9823008849557522,False,2003
00-0003395,B.Conway,2003,NYG,6,6,1.0,0.9823008849557522,False,2003
,,,,,,,,,
00-0003501,J.Cortez,2001,SF,47,47,1.0,0.9814995131450828,False,2001
00-0003501,J.Cortez,2002,SF,25,25,1.0,0.9811965811965812,False,2002
00-0003501,J.Cortez,2002,WAS,9,9,1.0,0.9811965811965812,False,2002
00-0003501,J.Cortez,2005,DAL,13,14,0.9285714285714286,0.9847670250896058,True,2005---
00-0003501,J.Cortez,2005,PHI,3,3,1.0,0.9847670250896058,False,2005
00-0003501,J.Cortez,2005,SF,2,2,1.0,0.9847670250896058,False,2005
,,,,,,,,,
00-0003762,R.Cunningham,1999,CAR,13,14,0.9285714285714286,0.9886685552407932,True,1999---
00-0003762,R.Cunningham,1999,DAL,23,23,1.0,0.9886685552407932,False,1999
00-0003762,R.Cunningham,2000,CAR,9,9,1.0,0.9905033238366572,False,2000
00-0003762,R.Cunningham,2002,JAX,2,2,1.0,0.9811965811965812,False,2002
,,,,,,,,,
00-0003841,B.Daluiso,1999,NYG,9,9,1.0,0.9886685552407932,False,1999
00-0003841,B.Daluiso,2000,NYG,34,34,1.0,0.9905033238366572,False,2000
00-0003841,B.Daluiso,2001,LV,1,2,0.5,0.9814995131450828,True,2001---
,,,,,,,,,
00-0004091,P.Dawson,1999,CLE,23,24,0.9583333333333334,0.9886685552407932,True,1999---
00-0004091,P.Dawson,2000,CLE,17,17,1.0,0.9905033238366572,False,2000
00-0004091,P.Dawson,2001,CLE,29,30,0.9666666666666667,0.9814995131450828,True,2001---
00-0004091,P.Dawson,2002,CLE,34,35,0.9714285714285714,0.9811965811965812,True,2002---
00-0004091,P.Dawson,2003,CLE,20,21,0.9523809523809523,0.9823008849557522,True,2003---
00-0004091,P.Dawson,2004,CLE,28,28,1.0,0.9899244332493703,False,2004
00-0004091,P.Dawson,2005,CLE,19,21,0.9047619047619048,0.9847670250896058,True,2005---
00-0004091,P.Dawson,2006,CLE,25,25,1.0,0.9876977152899824,False,2006
00-0004091,P.Dawson,2007,CLE,42,43,0.9767441860465116,0.9856175972927242,True,2007---
00-0004091,P.Dawson,2008,CLE,18,18,1.0,0.9915254237288136,False,2008
00-0004091,P.Dawson,2009,CLE,18,19,0.9473684210526315,0.9814658803706824,True,2009---
00-0004091,P.Dawson,2010,CLE,28,28,1.0,0.9884963023829088,False,2010
00-0004091,P.Dawson,2011,CLE,20,20,1.0,0.9942004971002486,False,2011
00-0004091,P.Dawson,2012,CLE,29,29,1.0,0.9935327405012127,False,2012
00-0004091,P.Dawson,2013,SF,44,44,1.0,0.9960536700868192,False,2013
00-0004091,P.Dawson,2014,SF,33,33,1.0,0.9926888708367181,False,2014
00-0004091,P.Dawson,2015,SF,20,21,0.9523809523809523,0.9416598192276089,False,2015
00-0004091,P.Dawson,2016,SF,33,34,0.9705882352941176,0.9364016736401674,False,2016
00-0004091,P.Dawson,2017,ARI,23,26,0.8846153846153846,0.9400352733686067,True,2017---
00-0004091,P.Dawson,2018,ARI,15,15,1.0,0.9425101214574899,False,2018
,,,,,,,,,
00-0004147,A.Del Greco,1999,TEN,43,43,1.0,0.9886685552407932,False,1999
00-0004147,A.Del Greco,2000,TEN,37,38,0.9736842105263158,0.9905033238366572,True,2000---
,,,,,,,,,
00-0004811,J.Elam,1999,DEN,29,29,1.0,0.9886685552407932,False,1999
00-0004811,J.Elam,2000,DEN,49,49,1.0,0.9905033238366572,False,2000
00-0004811,J.Elam,2001,DEN,31,31,1.0,0.9814995131450828,False,2001
00-0004811,J.Elam,2002,DEN,42,43,0.9767441860465116,0.9811965811965812,True,2002---
00-0004811,J.Elam,2003,DEN,39,39,1.0,0.9823008849557522,False,2003
00-0004811,J.Elam,2004,DEN,42,42,1.0,0.9899244332493703,False,2004
00-0004811,J.Elam,2005,DEN,43,44,0.9772727272727273,0.9847670250896058,True,2005---
00-0004811,J.Elam,2006,DEN,34,34,1.0,0.9876977152899824,False,2006
00-0004811,J.Elam,2007,DEN,33,33,1.0,0.9856175972927242,False,2007
00-0004811,J.Elam,2008,ATL,42,42,1.0,0.9915254237288136,False,2008
00-0004811,J.Elam,2009,ATL,32,33,0.9696969696969697,0.9814658803706824,True,2009---
,,,,,,,,,
00-0005363,D.Flutie,2005,NE,1,1,1.0,0.9847670250896058,False,2005
,,,,,,,,,
00-0006181,T.Gowin,1999,DAL,8,8,1.0,0.9886685552407932,False,1999
,,,,,,,,,
00-0006182,B.Gowins,1999,CHI,3,3,1.0,0.9886685552407932,False,1999
,,,,,,,,,
00-0006223,M.Gramatica,1999,TB,24,24,1.0,0.9886685552407932,False,1999
00-0006223,M.Gramatica,2000,TB,42,42,1.0,0.9905033238366572,False,2000
00-0006223,M.Gramatica,2001,TB,28,28,1.0,0.9814995131450828,False,2001
00-0006223,M.Gramatica,2002,TB,32,32,1.0,0.9811965811965812,False,2002
00-0006223,M.Gramatica,2003,TB,33,34,0.9705882352941176,0.9823008849557522,True,2003---
00-0006223,M.Gramatica,2004,TB,21,22,0.9545454545454546,0.9899244332493703,True,2004---
00-0006223,M.Gramatica,2006,DAL,14,14,1.0,0.9876977152899824,False,2006
00-0006223,M.Gramatica,2006,IND,9,9,1.0,0.9876977152899824,False,2006
00-0006223,M.Gramatica,2007,NO,8,8,1.0,0.9856175972927242,False,2007
00-0006223,M.Gramatica,2008,NO,16,16,1.0,0.9915254237288136,False,2008
,,,,,,,,,
00-0006660,J.Hall,2000,LA,9,9,1.0,0.9905033238366572,False,2000
,,,,,,,,,
00-0006662,J.Hall,1999,NYJ,27,29,0.9310344827586207,0.9886685552407932,True,1999---
00-0006662,J.Hall,2000,NYJ,30,30,1.0,0.9905033238366572,False,2000
00-0006662,J.Hall,2001,NYJ,32,32,1.0,0.9814995131450828,False,2001
00-0006662,J.Hall,2002,NYJ,35,37,0.9459459459459459,0.9811965811965812,True,2002---
00-0006662,J.Hall,2003,WAS,26,27,0.9629629629629629,0.9823008849557522,True,2003---
00-0006662,J.Hall,2004,WAS,13,13,1.0,0.9899244332493703,False,2004
00-0006662,J.Hall,2005,WAS,27,27,1.0,0.9847670250896058,False,2005
00-0006662,J.Hall,2006,WAS,9,9,1.0,0.9876977152899824,False,2006
,,,,,,,,,
00-0006800,J.Hanson,1999,DET,28,29,0.9655172413793104,0.9886685552407932,True,1999---
00-0006800,J.Hanson,2000,DET,29,29,1.0,0.9905033238366572,False,2000
00-0006800,J.Hanson,2001,DET,23,23,1.0,0.9814995131450828,False,2001
00-0006800,J.Hanson,2002,DET,31,31,1.0,0.9811965811965812,False,2002
00-0006800,J.Hanson,2003,DET,26,27,0.9629629629629629,0.9823008849557522,True,2003---
00-0006800,J.Hanson,2004,DET,28,28,1.0,0.9899244332493703,False,2004
00-0006800,J.Hanson,2005,DET,27,27,1.0,0.9847670250896058,False,2005
00-0006800,J.Hanson,2006,DET,30,30,1.0,0.9876977152899824,False,2006
00-0006800,J.Hanson,2007,DET,35,36,0.9722222222222222,0.9856175972927242,True,2007---
00-0006800,J.Hanson,2008,DET,25,26,0.9615384615384616,0.9915254237288136,True,2008---
00-0006800,J.Hanson,2009,DET,25,25,1.0,0.9814658803706824,False,2009
00-0006800,J.Hanson,2010,DET,19,19,1.0,0.9884963023829088,False,2010
00-0006800,J.Hanson,2011,DET,54,54,1.0,0.9942004971002486,False,2011
00-0006800,J.Hanson,2012,DET,38,38,1.0,0.9935327405012127,False,2012
,,,,,,,,,
00-0007308,C.Hentrich,2003,TEN,1,1,1.0,0.9823008849557522,False,2003
,,,,,,,,,
00-0007622,M.Hollis,1999,JAX,37,37,1.0,0.9886685552407932,False,1999
00-0007622,M.Hollis,2000,JAX,33,33,1.0,0.9905033238366572,False,2000
00-0007622,M.Hollis,2001,JAX,29,31,0.9354838709677419,0.9814995131450828,True,2001---
00-0007622,M.Hollis,2002,BUF,40,40,1.0,0.9811965811965812,False,2002
,,,,,,,,,
00-0007655,J.Holmes,2000,NYG,3,3,1.0,0.9905033238366572,False,2000
00-0007655,J.Holmes,2001,JAX,1,1,1.0,0.9814995131450828,False,2001
,,,,,,,,,
00-0007983,M.Husted,1999,LV,30,30,1.0,0.9886685552407932,False,1999
00-0007983,M.Husted,2000,WAS,8,9,0.8888888888888888,0.9905033238366572,True,2000---
00-0007983,M.Husted,2002,KC,3,3,1.0,0.9811965811965812,False,2002
,,,,,,,,,
00-0008080,C.Jacke,1999,ARI,26,26,1.0,0.9886685552407932,False,1999
,,,,,,,,,
00-0008231,J.Jaeger,1999,CHI,7,7,1.0,0.9886685552407932,False,1999
,,,,,,,,,
00-0008593,N.Johnson,1999,PHI,21,21,1.0,0.9886685552407932,False,1999
,,,,,,,,,
00-0009028,J.Kasay,1999,CAR,33,33,1.0,0.9886685552407932,False,1999
00-0009028,J.Kasay,2001,CAR,22,23,0.9565217391304348,0.9814995131450828,True,2001---
00-0009028,J.Kasay,2002,CAR,5,5,1.0,0.9811965811965812,False,2002
00-0009028,J.Kasay,2003,CAR,29,30,0.9666666666666667,0.9823008849557522,True,2003---
00-0009028,J.Kasay,2004,CAR,27,28,0.9642857142857143,0.9899244332493703,True,2004---
00-0009028,J.Kasay,2005,CAR,43,44,0.9772727272727273,0.9847670250896058,True,2005---
00-0009028,J.Kasay,2006,CAR,28,28,1.0,0.9876977152899824,False,2006
00-0009028,J.Kasay,2007,CAR,27,27,1.0,0.9856175972927242,False,2007
00-0009028,J.Kasay,2008,CAR,46,46,1.0,0.9915254237288136,False,2008
00-0009028,J.Kasay,2009,CAR,31,32,0.96875,0.9814658803706824,True,2009---
00-0009028,J.Kasay,2010,CAR,17,17,1.0,0.9884963023829088,False,2010
00-0009028,J.Kasay,2011,NO,63,63,1.0,0.9942004971002486,False,2011
,,,,,,,,,
00-0009946,S.Lindsey,2000,JAX,5,5,1.0,0.9905033238366572,False,2000
,,,,,,,,,
00-0010072,R.Longwell,1999,GB,38,38,1.0,0.9886685552407932,False,1999
00-0010072,R.Longwell,2000,GB,32,32,1.0,0.9905033238366572,False,2000
00-0010072,R.Longwell,2001,GB,44,45,0.9777777777777777,0.9814995131450828,True,2001---
00-0010072,R.Longwell,2002,GB,44,44,1.0,0.9811965811965812,False,2002
00-0010072,R.Longwell,2003,GB,51,51,1.0,0.9823008849557522,False,2003
00-0010072,R.Longwell,2004,GB,48,48,1.0,0.9899244332493703,False,2004
00-0010072,R.Longwell,2005,GB,30,31,0.967741935483871,0.9847670250896058,True,2005---
00-0010072,R.Longwell,2006,MIN,27,28,0.9642857142857143,0.9876977152899824,True,2006---
00-0010072,R.Longwell,2007,MIN,39,40,0.975,0.9856175972927242,True,2007---
00-0010072,R.Longwell,2008,MIN,40,40,1.0,0.9915254237288136,False,2008
00-0010072,R.Longwell,2009,MIN,54,55,0.9818181818181818,0.9814658803706824,False,2009
00-0010072,R.Longwell,2010,MIN,30,31,0.967741935483871,0.9884963023829088,True,2010---
00-0010072,R.Longwell,2011,MIN,38,39,0.9743589743589743,0.9942004971002486,True,2011---
,,,,,,,,,
00-0010373,O.Mare,1999,MIA,27,27,1.0,0.9886685552407932,False,1999
00-0010373,O.Mare,2000,MIA,31,32,0.96875,0.9905033238366572,True,2000---
00-0010373,O.Mare,2001,MIA,39,40,0.975,0.9814995131450828,True,2001---
00-0010373,O.Mare,2002,MIA,42,43,0.9767441860465116,0.9811965811965812,True,2002---
00-0010373,O.Mare,2003,MIA,33,34,0.9705882352941176,0.9823008849557522,True,2003---
00-0010373,O.Mare,2004,MIA,18,18,1.0,0.9899244332493703,False,2004
00-0010373,O.Mare,2005,MIA,33,33,1.0,0.9847670250896058,False,2005
00-0010373,O.Mare,2006,MIA,22,22,1.0,0.9876977152899824,False,2006
00-0010373,O.Mare,2007,NO,34,34,1.0,0.9856175972927242,False,2007
00-0010373,O.Mare,2008,SEA,30,30,1.0,0.9915254237288136,False,2008
00-0010373,O.Mare,2009,SEA,28,28,1.0,0.9814658803706824,False,2009
00-0010373,O.Mare,2010,SEA,31,31,1.0,0.9884963023829088,False,2010
00-0010373,O.Mare,2011,CAR,44,45,0.9777777777777777,0.9942004971002486,True,2011---
00-0010373,O.Mare,2012,CHI,7,7,1.0,0.9935327405012127,False,2012
,,,,,,,,,
00-0010609,B.Maynard,2003,CHI,1,1,1.0,0.9823008849557522,False,2003
,,,,,,,,,
00-0011859,E.Murray,1999,DAL,10,10,1.0,0.9886685552407932,False,1999
00-0011859,E.Murray,2000,WAS,7,8,0.875,0.9905033238366572,True,2000---
,,,,,,,,,
00-0011970,J.Nedney,1999,LV,13,13,1.0,0.9886685552407932,False,1999
00-0011970,J.Nedney,2000,CAR,20,20,1.0,0.9905033238366572,False,2000
00-0011970,J.Nedney,2000,DEN,4,4,1.0,0.9905033238366572,False,2000
00-0011970,J.Nedney,2001,TEN,34,35,0.9714285714285714,0.9814995131450828,True,2001---
00-0011970,J.Nedney,2002,TEN,36,36,1.0,0.9811965811965812,False,2002
00-0011970,J.Nedney,2003,TEN,0,1,0.0,0.9823008849557522,True,2003---
00-0011970,J.Nedney,2005,SF,19,19,1.0,0.9847670250896058,False,2005
00-0011970,J.Nedney,2006,SF,29,29,1.0,0.9876977152899824,False,2006
00-0011970,J.Nedney,2007,SF,22,22,1.0,0.9856175972927242,False,2007
00-0011970,J.Nedney,2008,SF,34,34,1.0,0.9915254237288136,False,2008
00-0011970,J.Nedney,2009,SF,33,33,1.0,0.9814658803706824,False,2009
00-0011970,J.Nedney,2010,SF,17,17,1.0,0.9884963023829088,False,2010
,,,,,,,,,
00-0012742,D.Pelfrey,1999,CIN,27,27,1.0,0.9886685552407932,False,1999
,,,,,,,,,
00-0012875,T.Peterson,1999,SEA,32,32,1.0,0.9886685552407932,False,1999
00-0012875,T.Peterson,2000,KC,25,25,1.0,0.9905033238366572,False,2000
00-0012875,T.Peterson,2001,KC,27,28,0.9642857142857143,0.9814995131450828,True,2001---
00-0012875,T.Peterson,2002,PIT,25,26,0.9615384615384616,0.9811965811965812,True,2002---
00-0012875,T.Peterson,2003,SF,22,23,0.9565217391304348,0.9823008849557522,True,2003---
00-0012875,T.Peterson,2004,SF,23,23,1.0,0.9899244332493703,False,2004
00-0012875,T.Peterson,2005,ATL,35,35,1.0,0.9847670250896058,False,2005
,,,,,,,,,
00-0013699,W.Richey,1999,SF,30,31,0.967741935483871,0.9886685552407932,True,1999---
00-0013699,W.Richey,2000,SF,43,45,0.9555555555555556,0.9905033238366572,True,2000---
00-0013699,W.Richey,2001,LAC,26,26,1.0,0.9814995131450828,False,2001
,,,,,,,,,
00-0014377,T.Sauerbrun,2004,CAR,4,4,1.0,0.9899244332493703,False,2004
,,,,,,,,,
00-0015194,H.Smith,2006,IND,0,1,0.0,0.9876977152899824,True,2006---
,,,,,,,,,
00-0015784,M.Stover,1999,BAL,31,31,1.0,0.9886685552407932,False,1999
00-0015784,M.Stover,2000,BAL,30,30,1.0,0.9905033238366572,False,2000
00-0015784,M.Stover,2001,BAL,25,25,1.0,0.9814995131450828,False,2001
00-0015784,M.Stover,2002,BAL,33,33,1.0,0.9811965811965812,False,2002
00-0015784,M.Stover,2003,BAL,35,35,1.0,0.9823008849557522,False,2003
00-0015784,M.Stover,2004,BAL,30,30,1.0,0.9899244332493703,False,2004
00-0015784,M.Stover,2005,BAL,23,23,1.0,0.9847670250896058,False,2005
00-0015784,M.Stover,2006,BAL,37,37,1.0,0.9876977152899824,False,2006
00-0015784,M.Stover,2007,BAL,26,26,1.0,0.9856175972927242,False,2007
00-0015784,M.Stover,2008,BAL,41,41,1.0,0.9915254237288136,False,2008
00-0015784,M.Stover,2009,IND,33,33,1.0,0.9814658803706824,False,2009
,,,,,,,,,
00-0015791,P.Stoyanovich,1999,KC,45,45,1.0,0.9886685552407932,False,1999
00-0015791,P.Stoyanovich,2000,KC,9,9,1.0,0.9905033238366572,False,2000
00-0015791,P.Stoyanovich,2000,LA,11,11,1.0,0.9905033238366572,False,2000
,,,,,,,,,
00-0016795,M.Unutoa,1999,TB,1,1,1.0,0.9886685552407932,False,1999
,,,,,,,,,
00-0016830,M.Vanderjagt,1999,IND,43,43,1.0,0.9886685552407932,False,1999
00-0016830,M.Vanderjagt,2000,IND,46,46,1.0,0.9905033238366572,False,2000
00-0016830,M.Vanderjagt,2001,IND,41,42,0.9761904761904762,0.9814995131450828,True,2001---
00-0016830,M.Vanderjagt,2002,IND,34,34,1.0,0.9811965811965812,False,2002
00-0016830,M.Vanderjagt,2003,IND,46,46,1.0,0.9823008849557522,False,2003
00-0016830,M.Vanderjagt,2004,IND,59,60,0.9833333333333333,0.9899244332493703,True,2004---
00-0016830,M.Vanderjagt,2005,IND,52,52,1.0,0.9847670250896058,False,2005
00-0016830,M.Vanderjagt,2006,DAL,33,33,1.0,0.9876977152899824,False,2006
,,,,,,,,,
00-0016919,A.Vinatieri,1999,NE,29,30,0.9666666666666667,0.9886685552407932,True,1999---
00-0016919,A.Vinatieri,2000,NE,25,25,1.0,0.9905033238366572,False,2000
00-0016919,A.Vinatieri,2001,NE,41,42,0.9761904761904762,0.9814995131450828,True,2001---
00-0016919,A.Vinatieri,2002,NE,36,36,1.0,0.9811965811965812,False,2002
00-0016919,A.Vinatieri,2003,NE,37,38,0.9736842105263158,0.9823008849557522,True,2003---
00-0016919,A.Vinatieri,2004,NE,48,48,1.0,0.9899244332493703,False,2004
00-0016919,A.Vinatieri,2005,NE,40,41,0.975609756097561,0.9847670250896058,True,2005---
00-0016919,A.Vinatieri,2006,IND,38,38,1.0,0.9876977152899824,False,2006
00-0016919,A.Vinatieri,2007,IND,49,51,0.9607843137254902,0.9856175972927242,True,2007---
00-0016919,A.Vinatieri,2008,IND,43,43,1.0,0.9915254237288136,False,2008
00-0016919,A.Vinatieri,2009,IND,17,18,0.9444444444444444,0.9814658803706824,True,2009---
00-0016919,A.Vinatieri,2010,IND,51,51,1.0,0.9884963023829088,False,2010
00-0016919,A.Vinatieri,2011,IND,24,24,1.0,0.9942004971002486,False,2011
00-0016919,A.Vinatieri,2012,IND,37,37,1.0,0.9935327405012127,False,2012
00-0016919,A.Vinatieri,2013,IND,34,34,1.0,0.9960536700868192,False,2013
00-0016919,A.Vinatieri,2014,IND,50,50,1.0,0.9926888708367181,False,2014
00-0016919,A.Vinatieri,2015,IND,32,35,0.9142857142857143,0.9416598192276089,True,2015---
00-0016919,A.Vinatieri,2016,IND,44,44,1.0,0.9364016736401674,False,2016
00-0016919,A.Vinatieri,2017,IND,22,24,0.9166666666666666,0.9400352733686067,True,2017---
00-0016919,A.Vinatieri,2018,IND,44,47,0.9361702127659575,0.9425101214574899,True,2018---
00-0016919,A.Vinatieri,2019,IND,22,28,0.7857142857142857,0.9388429752066115,True,2019---
,,,,,,,,,
00-0017693,J.Wilkins,1999,LA,61,61,1.0,0.9886685552407932,False,1999
00-0017693,J.Wilkins,2000,LA,38,38,1.0,0.9905033238366572,False,2000
00-0017693,J.Wilkins,2001,LA,58,58,1.0,0.9814995131450828,False,2001
00-0017693,J.Wilkins,2002,LA,37,37,1.0,0.9811965811965812,False,2002
00-0017693,J.Wilkins,2003,LA,46,46,1.0,0.9823008849557522,False,2003
00-0017693,J.Wilkins,2004,LA,32,32,1.0,0.9899244332493703,False,2004
00-0017693,J.Wilkins,2005,LA,36,36,1.0,0.9847670250896058,False,2005
00-0017693,J.Wilkins,2006,LA,35,35,1.0,0.9876977152899824,False,2006
00-0017693,J.Wilkins,2007,LA,25,25,1.0,0.9856175972927242,False,2007
,,,,,,,,,
00-0018949,T.Seder,2000,DAL,27,27,1.0,0.9905033238366572,False,2000
00-0018949,T.Seder,2001,DAL,12,12,1.0,0.9814995131450828,False,2001
00-0018949,T.Seder,2002,JAX,11,11,1.0,0.9811965811965812,False,2002
,,,,,,,,,
00-0018957,M.Simoneau,2005,PHI,1,2,0.5,0.9847670250896058,True,2005---
,,,,,,,,,
00-0019019,M.Knorr,2003,DEN,2,2,1.0,0.9823008849557522,False,2003
,,,,,,,,,
00-0019081,J.Arians,2001,BUF,16,17,0.9411764705882353,0.9814995131450828,True,2001---
,,,,,,,,,
00-0019253,J.Taylor,2004,TB,11,11,1.0,0.9899244332493703,False,2004
,,,,,,,,,
00-0019310,R.Lindell,2000,SEA,25,25,1.0,0.9905033238366572,False,2000
00-0019310,R.Lindell,2001,SEA,33,33,1.0,0.9814995131450828,False,2001
00-0019310,R.Lindell,2002,SEA,38,38,1.0,0.9811965811965812,False,2002
00-0019310,R.Lindell,2003,BUF,24,24,1.0,0.9823008849557522,False,2003
00-0019310,R.Lindell,2004,BUF,45,45,1.0,0.9899244332493703,False,2004
00-0019310,R.Lindell,2005,BUF,26,26,1.0,0.9847670250896058,False,2005
00-0019310,R.Lindell,2006,BUF,33,33,1.0,0.9876977152899824,False,2006
00-0019310,R.Lindell,2007,BUF,24,24,1.0,0.9856175972927242,False,2007
00-0019310,R.Lindell,2008,BUF,34,34,1.0,0.9915254237288136,False,2008
00-0019310,R.Lindell,2009,BUF,24,24,1.0,0.9814658803706824,False,2009
00-0019310,R.Lindell,2010,BUF,31,32,0.96875,0.9884963023829088,True,2010---
00-0019310,R.Lindell,2011,BUF,25,25,1.0,0.9942004971002486,False,2011
00-0019310,R.Lindell,2012,BUF,39,39,1.0,0.9935327405012127,False,2012
00-0019310,R.Lindell,2013,TB,31,31,1.0,0.9960536700868192,False,2013
,,,,,,,,,
00-0019343,J.Hilbert,2001,DAL,12,12,1.0,0.9814995131450828,False,2001
00-0019343,J.Hilbert,2002,CAR,3,3,1.0,0.9811965811965812,False,2002
,,,,,,,,,
00-0019440,K.Heppner,2000,SEA,8,8,1.0,0.9905033238366572,False,2000
00-0019440,K.Heppner,2000,WAS,9,9,1.0,0.9905033238366572,False,2000
,,,,,,,,,
00-0019490,P.Edinger,2000,CHI,21,21,1.0,0.9905033238366572,False,2000
00-0019490,P.Edinger,2001,CHI,34,34,1.0,0.9814995131450828,False,2001
00-0019490,P.Edinger,2002,CHI,29,29,1.0,0.9811965811965812,False,2002
00-0019490,P.Edinger,2003,CHI,26,26,1.0,0.9823008849557522,False,2003
00-0019490,P.Edinger,2004,CHI,22,22,1.0,0.9899244332493703,False,2004
00-0019490,P.Edinger,2005,MIN,31,31,1.0,0.9847670250896058,False,2005
,,,,,,,,,
00-0019536,S.Graham,2001,BUF,7,7,1.0,0.9814995131450828,False,2001
00-0019536,S.Graham,2002,CAR,21,21,1.0,0.9811965811965812,False,2002
00-0019536,S.Graham,2003,CIN,40,40,1.0,0.9823008849557522,False,2003
00-0019536,S.Graham,2004,CIN,41,41,1.0,0.9899244332493703,False,2004
00-0019536,S.Graham,2005,CIN,47,47,1.0,0.9847670250896058,False,2005
00-0019536,S.Graham,2006,CIN,40,42,0.9523809523809523,0.9876977152899824,True,2006---
00-0019536,S.Graham,2007,CIN,37,37,1.0,0.9856175972927242,False,2007
00-0019536,S.Graham,2008,CIN,15,15,1.0,0.9915254237288136,False,2008
00-0019536,S.Graham,2009,CIN,28,29,0.9655172413793104,0.9814658803706824,True,2009---
00-0019536,S.Graham,2010,NE,35,37,0.9459459459459459,0.9884963023829088,True,2010---
00-0019536,S.Graham,2010,NYG,4,4,1.0,0.9884963023829088,False,2010
00-0019536,S.Graham,2011,BAL,2,2,1.0,0.9942004971002486,False,2011
00-0019536,S.Graham,2011,MIA,6,6,1.0,0.9942004971002486,False,2011
00-0019536,S.Graham,2012,HOU,45,45,1.0,0.9935327405012127,False,2012
00-0019536,S.Graham,2013,NO,7,7,1.0,0.9960536700868192,False,2013
00-0019536,S.Graham,2014,NO,46,47,0.9787234042553191,0.9926888708367181,True,2014---
00-0019536,S.Graham,2015,ATL,8,8,1.0,0.9416598192276089,False,2015
,,,,,,,,,
00-0019542,J.Tuthill,2002,WAS,20,21,0.9523809523809523,0.9811965811965812,True,2002---
,,,,,,,,,
00-0019646,S.Janikowski,2000,LV,46,46,1.0,0.9905033238366572,False,2000
00-0019646,S.Janikowski,2001,LV,42,42,1.0,0.9814995131450828,False,2001
00-0019646,S.Janikowski,2002,LV,50,50,1.0,0.9811965811965812,False,2002
00-0019646,S.Janikowski,2003,LV,28,29,0.9655172413793104,0.9823008849557522,True,2003---
00-0019646,S.Janikowski,2004,LV,31,32,0.96875,0.9899244332493703,True,2004---
00-0019646,S.Janikowski,2005,LV,30,30,1.0,0.9847670250896058,False,2005
00-0019646,S.Janikowski,2006,LV,16,16,1.0,0.9876977152899824,False,2006
00-0019646,S.Janikowski,2007,LV,28,28,1.0,0.9856175972927242,False,2007
00-0019646,S.Janikowski,2008,LV,25,26,0.9615384615384616,0.9915254237288136,True,2008---
00-0019646,S.Janikowski,2009,LV,17,17,1.0,0.9814658803706824,False,2009
00-0019646,S.Janikowski,2010,LV,43,43,1.0,0.9884963023829088,False,2010
00-0019646,S.Janikowski,2011,LV,36,36,1.0,0.9942004971002486,False,2011
00-0019646,S.Janikowski,2012,LV,25,25,1.0,0.9935327405012127,False,2012
00-0019646,S.Janikowski,2013,LV,37,37,1.0,0.9960536700868192,False,2013
00-0019646,S.Janikowski,2014,LV,28,28,1.0,0.9926888708367181,False,2014
00-0019646,S.Janikowski,2015,LV,38,39,0.9743589743589743,0.9416598192276089,False,2015
00-0019646,S.Janikowski,2016,LV,37,39,0.9487179487179487,0.9364016736401674,False,2016
00-0019646,S.Janikowski,2018,SEA,48,51,0.9411764705882353,0.9425101214574899,True,2018---
,,,,,,,,,
00-0019676,N.Rackers,2000,CIN,21,21,1.0,0.9905033238366572,False,2000
00-0019676,N.Rackers,2001,CIN,23,24,0.9583333333333334,0.9814995131450828,True,2001---
00-0019676,N.Rackers,2002,CIN,30,32,0.9375,0.9811965811965812,True,2002---
00-0019676,N.Rackers,2003,ARI,8,8,1.0,0.9823008849557522,False,2003
00-0019676,N.Rackers,2004,ARI,28,28,1.0,0.9899244332493703,False,2004
00-0019676,N.Rackers,2005,ARI,20,20,1.0,0.9847670250896058,False,2005
00-0019676,N.Rackers,2006,ARI,32,32,1.0,0.9876977152899824,False,2006
00-0019676,N.Rackers,2007,ARI,47,48,0.9791666666666666,0.9856175972927242,True,2007---
00-0019676,N.Rackers,2008,ARI,44,44,1.0,0.9915254237288136,False,2008
00-0019676,N.Rackers,2009,ARI,37,38,0.9736842105263158,0.9814658803706824,True,2009---
00-0019676,N.Rackers,2010,HOU,43,43,1.0,0.9884963023829088,False,2010
00-0019676,N.Rackers,2011,HOU,39,40,0.975,0.9942004971002486,True,2011---
,,,,,,,,,
00-0019714,S.Lechler,2000,LV,7,7,1.0,0.9905033238366572,False,2000
,,,,,,,,,
00-0019766,C.Oglesby,2001,ARI,7,7,1.0,0.9814995131450828,False,2001
,,,,,,,,,
00-0019770,J.Feely,2001,ATL,28,28,1.0,0.9814995131450828,False,2001
00-0019770,J.Feely,2002,ATL,42,43,0.9767441860465116,0.9811965811965812,True,2002---
00-0019770,J.Feely,2003,ATL,32,33,0.9696969696969697,0.9823008849557522,True,2003---
00-0019770,J.Feely,2004,ATL,40,40,1.0,0.9899244332493703,False,2004
00-0019770,J.Feely,2005,NYG,43,43,1.0,0.9847670250896058,False,2005
00-0019770,J.Feely,2006,NYG,38,38,1.0,0.9876977152899824,False,2006
00-0019770,J.Feely,2007,MIA,26,26,1.0,0.9856175972927242,False,2007
00-0019770,J.Feely,2008,NYJ,39,39,1.0,0.9915254237288136,False,2008
00-0019770,J.Feely,2009,NYJ,32,32,1.0,0.9814658803706824,False,2009
00-0019770,J.Feely,2010,ARI,29,29,1.0,0.9884963023829088,False,2010
00-0019770,J.Feely,2011,ARI,33,33,1.0,0.9942004971002486,False,2011
00-0019770,J.Feely,2012,ARI,25,25,1.0,0.9935327405012127,False,2012
00-0019770,J.Feely,2013,ARI,37,37,1.0,0.9960536700868192,False,2013
00-0019770,J.Feely,2014,CHI,5,6,0.8333333333333334,0.9926888708367181,True,2014---
,,,,,,,,,
00-0019778,L.Tynes,2004,KC,58,60,0.9666666666666667,0.9899244332493703,True,2004---
00-0019778,L.Tynes,2005,KC,44,45,0.9777777777777777,0.9847670250896058,True,2005---
00-0019778,L.Tynes,2006,KC,35,36,0.9722222222222222,0.9876977152899824,True,2006---
00-0019778,L.Tynes,2007,NYG,40,42,0.9523809523809523,0.9856175972927242,True,2007---
00-0019778,L.Tynes,2008,NYG,3,3,1.0,0.9915254237288136,False,2008
00-0019778,L.Tynes,2009,NYG,45,45,1.0,0.9814658803706824,False,2009
00-0019778,L.Tynes,2010,NYG,43,43,1.0,0.9884963023829088,False,2010
00-0019778,L.Tynes,2011,NYG,43,43,1.0,0.9942004971002486,False,2011
00-0019778,L.Tynes,2012,NYG,46,46,1.0,0.9935327405012127,False,2012
,,,,,,,,,
00-0020296,B.Gramatica,2001,ARI,25,25,1.0,0.9814995131450828,False,2001
00-0020296,B.Gramatica,2002,ARI,29,29,1.0,0.9811965811965812,False,2002
00-0020296,B.Gramatica,2003,ARI,6,6,1.0,0.9823008849557522,False,2003
00-0020296,B.Gramatica,2004,MIA,0,1,0.0,0.9899244332493703,True,2004---
,,,,,,,,,
00-0020379,O.Pochman,2003,SF,9,10,0.9,0.9823008849557522,True,2003---
,,,,,,,,,
00-0020577,D.Boyd,2002,JAX,7,7,1.0,0.9811965811965812,False,2002
,,,,,,,,,
00-0020578,M.Bryant,2002,NYG,30,32,0.9375,0.9811965811965812,True,2002---
00-0020578,M.Bryant,2003,NYG,17,17,1.0,0.9823008849557522,False,2003
00-0020578,M.Bryant,2004,IND,5,5,1.0,0.9899244332493703,False,2004
00-0020578,M.Bryant,2004,MIA,7,7,1.0,0.9899244332493703,False,2004
00-0020578,M.Bryant,2005,TB,31,31,1.0,0.9847670250896058,False,2005
00-0020578,M.Bryant,2006,TB,22,23,0.9565217391304348,0.9876977152899824,True,2006---
00-0020578,M.Bryant,2007,TB,34,34,1.0,0.9856175972927242,False,2007
00-0020578,M.Bryant,2008,TB,35,36,0.9722222222222222,0.9915254237288136,True,2008---
00-0020578,M.Bryant,2009,ATL,10,10,1.0,0.9814658803706824,False,2009
00-0020578,M.Bryant,2010,ATL,44,44,1.0,0.9884963023829088,False,2010
00-0020578,M.Bryant,2011,ATL,45,45,1.0,0.9942004971002486,False,2011
00-0020578,M.Bryant,2012,ATL,44,44,1.0,0.9935327405012127,False,2012
00-0020578,M.Bryant,2013,ATL,39,39,1.0,0.9960536700868192,False,2013
00-0020578,M.Bryant,2014,ATL,40,40,1.0,0.9926888708367181,False,2014
00-0020578,M.Bryant,2015,ATL,26,26,1.0,0.9416598192276089,False,2015
00-0020578,M.Bryant,2016,ATL,56,57,0.9824561403508771,0.9364016736401674,False,2016
00-0020578,M.Bryant,2017,ATL,35,35,1.0,0.9400352733686067,False,2017
00-0020578,M.Bryant,2018,ATL,33,35,0.9428571428571428,0.9425101214574899,False,2018
00-0020578,M.Bryant,2019,ATL,14,15,0.9333333333333333,0.9388429752066115,True,2019---
,,,,,,,,,
00-0020677,T.France,2005,PHI,5,5,1.0,0.9847670250896058,False,2005
00-0020677,T.France,2005,TB,1,1,1.0,0.9847670250896058,False,2005
,,,,,,,,,
00-0020737,J.Reed,2002,PIT,10,11,0.9090909090909091,0.9811965811965812,True,2002---
00-0020737,J.Reed,2003,PIT,31,32,0.96875,0.9823008849557522,True,2003---
00-0020737,J.Reed,2004,PIT,38,38,1.0,0.9899244332493703,False,2004
00-0020737,Je.Reed,2004,PIT,2,2,1.0,0.9899244332493703,False,2004
00-0020737,J.Reed,2005,PIT,45,45,1.0,0.9847670250896058,False,2005
00-0020737,J.Reed,2006,PIT,41,41,1.0,0.9876977152899824,False,2006
00-0020737,J.Reed,2007,PIT,44,44,1.0,0.9856175972927242,False,2007
00-0020737,Je.Reed,2008,PIT,36,37,0.972972972972973,0.9915254237288136,True,2008---
00-0020737,J.Reed,2009,PIT,41,41,1.0,0.9814658803706824,False,2009
00-0020737,J.Reed,2010,PIT,19,19,1.0,0.9884963023829088,False,2010
00-0020737,J.Reed,2010,SF,13,13,1.0,0.9884963023829088,False,2010
,,,,,,,,,
00-0020962,R.Bironas,2005,TEN,30,32,0.9375,0.9847670250896058,True,2005---
00-0020962,R.Bironas,2006,TEN,32,32,1.0,0.9876977152899824,False,2006
00-0020962,R.Bironas,2007,TEN,28,28,1.0,0.9856175972927242,False,2007
00-0020962,R.Bironas,2008,TEN,40,40,1.0,0.9915254237288136,False,2008
00-0020962,R.Bironas,2009,TEN,37,37,1.0,0.9814658803706824,False,2009
00-0020962,R.Bironas,2010,TEN,38,38,1.0,0.9884963023829088,False,2010
00-0020962,R.Bironas,2011,TEN,34,34,1.0,0.9942004971002486,False,2011
00-0020962,R.Bironas,2012,TEN,35,35,1.0,0.9935327405012127,False,2012
00-0020962,R.Bironas,2013,TEN,41,41,1.0,0.9960536700868192,False,2013
,,,,,,,,,
00-0020972,B.Cundiff,2002,DAL,25,25,1.0,0.9811965811965812,False,2002
00-0020972,B.Cundiff,2003,DAL,30,31,0.967741935483871,0.9823008849557522,True,2003---
00-0020972,B.Cundiff,2004,DAL,31,31,1.0,0.9899244332493703,False,2004
00-0020972,B.Cundiff,2005,DAL,14,14,1.0,0.9847670250896058,False,2005
00-0020972,B.Cundiff,2009,BAL,19,19,1.0,0.9814658803706824,False,2009
00-0020972,B.Cundiff,2009,CLE,4,4,1.0,0.9814658803706824,False,2009
00-0020972,B.Cundiff,2010,BAL,39,39,1.0,0.9884963023829088,False,2010
00-0020972,B.Cundiff,2011,BAL,38,38,1.0,0.9942004971002486,False,2011
00-0020972,B.Cundiff,2012,WAS,17,17,1.0,0.9935327405012127,False,2012
00-0020972,B.Cundiff,2013,CLE,32,32,1.0,0.9960536700868192,False,2013
00-0020972,B.Cundiff,2014,CLE,28,28,1.0,0.9926888708367181,False,2014
,,,,,,,,,
00-0021052,T.Duncan,2003,ARI,5,6,0.8333333333333334,0.9823008849557522,True,2003---
,,,,,,,,,
00-0021080,A.Elling,2003,MIN,48,48,1.0,0.9823008849557522,False,2003
00-0021080,A.Elling,2004,TEN,2,2,1.0,0.9899244332493703,False,2004
,,,,,,,,,
00-0021226,J.Chandler,2002,SF,14,14,1.0,0.9811965811965812,False,2002
00-0021226,J.Chandler,2003,SF,7,8,0.875,0.9823008849557522,True,2003---
00-0021226,J.Chandler,2004,CAR,8,8,1.0,0.9899244332493703,False,2004
00-0021226,J.Chandler,2004,WAS,6,6,1.0,0.9899244332493703,False,2004
,,,,,,,,,
00-0021347,H.Epstein,2002,JAX,13,13,1.0,0.9811965811965812,False,2002
,,,,,,,,,
00-0021389,O.Kimrin,2004,WAS,6,6,1.0,0.9899244332493703,False,2004
,,,,,,,,,
00-0021462,S.Marler,2003,JAX,30,30,1.0,0.9823008849557522,False,2003
,,,,,,,,,
00-0021940,J.Brown,2003,SEA,48,48,1.0,0.9823008849557522,False,2003
00-0021940,J.Brown,2004,SEA,40,40,1.0,0.9899244332493703,False,2004
00-0021940,J.Brown,2005,SEA,56,57,0.9824561403508771,0.9847670250896058,True,2005---
00-0021940,J.Brown,2006,SEA,36,36,1.0,0.9876977152899824,False,2006
00-0021940,J.Brown,2007,SEA,43,43,1.0,0.9856175972927242,False,2007
00-0021940,J.Brown,2008,LA,19,19,1.0,0.9915254237288136,False,2008
00-0021940,Josh.Brown,2009,LA,16,16,1.0,0.9814658803706824,False,2009
00-0021940,Josh.Brown,2010,LA,26,27,0.9629629629629629,0.9884963023829088,True,2010---
00-0021940,Josh.Brown,2011,LA,18,18,1.0,0.9942004971002486,False,2011
00-0021940,J.Brown,2012,CIN,8,8,1.0,0.9935327405012127,False,2012
00-0021940,J.Brown,2013,NYG,31,31,1.0,0.9960536700868192,False,2013
00-0021940,J.Brown,2014,NYG,44,44,1.0,0.9926888708367181,False,2014
00-0021940,J.Brown,2015,NYG,44,45,0.9777777777777777,0.9416598192276089,False,2015
00-0021940,J.Brown,2016,NYG,9,9,1.0,0.9364016736401674,False,2016
,,,,,,,,,
00-0022017,M.Scifres,2011,LAC,3,3,1.0,0.9942004971002486,False,2011
,,,,,,,,,
00-0022170,R.Hamilton,2005,DET,0,1,0.0,0.9847670250896058,True,2005---
,,,,,,,,,
00-0022427,W.Welker,2004,MIA,1,1,1.0,0.9899244332493703,False,2004
00-0022427,W.Welker,2010,NE,1,1,1.0,0.9884963023829088,False,2010
,,,,,,,,,
00-0022589,K.Larson,2007,CIN,0,1,0.0,0.9856175972927242,True,2007---
,,,,,,,,,
00-0022737,N.Kaeding,2004,LAC,54,55,0.9818181818181818,0.9899244332493703,True,2004---
00-0022737,N.Kaeding,2005,LAC,49,49,1.0,0.9847670250896058,False,2005
00-0022737,N.Kaeding,2006,LAC,58,58,1.0,0.9876977152899824,False,2006
00-0022737,N.Kaeding,2007,LAC,46,46,1.0,0.9856175972927242,False,2007
00-0022737,N.Kaeding,2008,LAC,46,46,1.0,0.9915254237288136,False,2008
00-0022737,N.Kaeding,2009,LAC,50,51,0.9803921568627451,0.9814658803706824,True,2009---
00-0022737,N.Kaeding,2010,LAC,40,40,1.0,0.9884963023829088,False,2010
00-0022737,N.Kaeding,2012,LAC,6,6,1.0,0.9935327405012127,False,2012
00-0022737,N.Kaeding,2012,MIA,3,3,1.0,0.9935327405012127,False,2012
,,,,,,,,,
00-0022874,J.Scobee,2004,JAX,21,21,1.0,0.9899244332493703,False,2004
00-0022874,J.Scobee,2005,JAX,38,39,0.9743589743589743,0.9847670250896058,True,2005---
00-0022874,J.Scobee,2006,JAX,41,41,1.0,0.9876977152899824,False,2006
00-0022874,J.Scobee,2007,JAX,26,27,0.9629629629629629,0.9856175972927242,True,2007---
00-0022874,J.Scobee,2008,JAX,33,33,1.0,0.9915254237288136,False,2008
00-0022874,J.Scobee,2009,JAX,30,31,0.967741935483871,0.9814658803706824,True,2009---
00-0022874,J.Scobee,2010,JAX,41,41,1.0,0.9884963023829088,False,2010
00-0022874,J.Scobee,2011,JAX,24,24,1.0,0.9942004971002486,False,2011
00-0022874,J.Scobee,2012,JAX,18,19,0.9473684210526315,0.9935327405012127,True,2012---
00-0022874,J.Scobee,2013,JAX,22,23,0.9565217391304348,0.9960536700868192,True,2013---
00-0022874,J.Scobee,2014,JAX,23,23,1.0,0.9926888708367181,False,2014
00-0022874,J.Scobee,2015,PIT,6,7,0.8571428571428571,0.9416598192276089,True,2015---
,,,,,,,,,
00-0023001,S.Suisham,2005,DAL,8,8,1.0,0.9847670250896058,False,2005
00-0023001,S.Suisham,2006,DAL,2,2,1.0,0.9876977152899824,False,2006
00-0023001,S.Suisham,2006,WAS,12,12,1.0,0.9876977152899824,False,2006
00-0023001,S.Suisham,2007,WAS,29,30,0.9666666666666667,0.9856175972927242,True,2007---
00-0023001,S.Suisham,2008,WAS,25,25,1.0,0.9915254237288136,False,2008
00-0023001,S.Suisham,2009,DAL,5,5,1.0,0.9814658803706824,False,2009
00-0023001,S.Suisham,2009,WAS,20,21,0.9523809523809523,0.9814658803706824,True,2009---
00-0023001,S.Suisham,2010,PIT,19,19,1.0,0.9884963023829088,False,2010
00-0023001,S.Suisham,2011,PIT,36,36,1.0,0.9942004971002486,False,2011
00-0023001,S.Suisham,2012,PIT,34,34,1.0,0.9935327405012127,False,2012
00-0023001,S.Suisham,2013,PIT,39,39,1.0,0.9960536700868192,False,2013
00-0023001,S.Suisham,2014,PIT,45,45,1.0,0.9926888708367181,False,2014
,,,,,,,,,
00-0023096,N.Novak,2005,WAS,15,15,1.0,0.9847670250896058,False,2005
00-0023096,N.Novak,2006,WAS,10,10,1.0,0.9876977152899824,False,2006
00-0023096,N.Novak,2008,KC,7,7,1.0,0.9915254237288136,False,2008
00-0023096,N.Novak,2011,LAC,41,42,0.9761904761904762,0.9942004971002486,True,2011---
00-0023096,N.Novak,2012,LAC,33,33,1.0,0.9935327405012127,False,2012
00-0023096,N.Novak,2013,LAC,42,42,1.0,0.9960536700868192,False,2013
00-0023096,N.Novak,2014,LAC,40,40,1.0,0.9926888708367181,False,2014
00-0023096,N.Novak,2015,HOU,29,31,0.9354838709677419,0.9416598192276089,True,2015---
00-0023096,N.Novak,2016,HOU,22,25,0.88,0.9364016736401674,True,2016---
00-0023096,N.Novak,2017,LAC,17,18,0.9444444444444444,0.9400352733686067,False,2017
,,,,,,,,,
00-0023234,M.Koenen,2006,ATL,4,4,1.0,0.9876977152899824,False,2006
,,,,,,,,,
00-0023252,R.Gould,2005,CHI,19,20,0.95,0.9847670250896058,True,2005---
00-0023252,R.Gould,2006,CHI,47,47,1.0,0.9876977152899824,False,2006
00-0023252,R.Gould,2007,CHI,33,33,1.0,0.9856175972927242,False,2007
00-0023252,R.Gould,2008,CHI,41,41,1.0,0.9915254237288136,False,2008
00-0023252,R.Gould,2009,CHI,33,33,1.0,0.9814658803706824,False,2009
00-0023252,R.Gould,2010,CHI,35,35,1.0,0.9884963023829088,False,2010
00-0023252,R.Gould,2011,CHI,37,37,1.0,0.9942004971002486,False,2011
00-0023252,R.Gould,2012,CHI,33,33,1.0,0.9935327405012127,False,2012
00-0023252,R.Gould,2013,CHI,45,46,0.9782608695652174,0.9960536700868192,True,2013---
00-0023252,R.Gould,2014,CHI,28,29,0.9655172413793104,0.9926888708367181,True,2014---
00-0023252,R.Gould,2015,CHI,28,29,0.9655172413793104,0.9416598192276089,False,2015
00-0023252,R.Gould,2016,NYG,20,23,0.8695652173913043,0.9364016736401674,True,2016---
00-0023252,R.Gould,2017,SF,28,30,0.9333333333333333,0.9400352733686067,True,2017---
00-0023252,R.Gould,2018,SF,27,29,0.9310344827586207,0.9425101214574899,True,2018---
00-0023252,R.Gould,2019,SF,41,42,0.9761904761904762,0.9388429752066115,False,2019
00-0023252,R.Gould,2020,SF,36,38,0.9473684210526315,0.929745889387145,False,2020
00-0023252,R.Gould,2021,SF,39,40,0.975,0.933969769291965,False,2021
00-0023252,R.Gould,2022,SF,50,51,0.9803921568627451,0.9460825610783488,False,2022
,,,,,,,,,
00-0023482,M.Nugent,2005,NYJ,24,24,1.0,0.9847670250896058,False,2005
00-0023482,M.Nugent,2006,NYJ,34,35,0.9714285714285714,0.9876977152899824,True,2006---
00-0023482,M.Nugent,2007,NYJ,23,24,0.9583333333333334,0.9856175972927242,True,2007---
00-0023482,M.Nugent,2008,NYJ,2,2,1.0,0.9915254237288136,False,2008
00-0023482,M.Nugent,2009,ARI,8,8,1.0,0.9814658803706824,False,2009
00-0023482,M.Nugent,2009,TB,6,6,1.0,0.9814658803706824,False,2009
00-0023482,M.Nugent,2010,CIN,17,17,1.0,0.9884963023829088,False,2010
00-0023482,M.Nugent,2011,CIN,33,34,0.9705882352941176,0.9942004971002486,True,2011---
00-0023482,M.Nugent,2012,CIN,35,35,1.0,0.9935327405012127,False,2012
00-0023482,M.Nugent,2013,CIN,52,53,0.9811320754716981,0.9960536700868192,True,2013---
00-0023482,M.Nugent,2014,CIN,39,39,1.0,0.9926888708367181,False,2014
00-0023482,M.Nugent,2015,CIN,48,49,0.9795918367346939,0.9416598192276089,False,2015
00-0023482,M.Nugent,2016,CIN,23,29,0.7931034482758621,0.9364016736401674,True,2016---
00-0023482,M.Nugent,2017,CHI,7,9,0.7777777777777778,0.9400352733686067,True,2017---
00-0023482,M.Nugent,2017,DAL,8,8,1.0,0.9400352733686067,False,2017
00-0023482,M.Nugent,2018,LV,4,5,0.8,0.9425101214574899,True,2018---
00-0023482,M.Nugent,2019,NE,15,16,0.9375,0.9388429752066115,True,2019---
00-0023482,M.Nugent,2020,ARI,7,7,1.0,0.929745889387145,False,2020
,,,,,,,,,
00-0023635,D.Rayner,2006,GB,31,32,0.96875,0.9876977152899824,True,2006---
00-0023635,D.Rayner,2007,KC,14,14,1.0,0.9856175972927242,False,2007
00-0023635,D.Rayner,2008,CIN,3,3,1.0,0.9915254237288136,False,2008
00-0023635,D.Rayner,2010,DET,16,16,1.0,0.9884963023829088,False,2010
00-0023635,D.Rayner,2011,BUF,13,13,1.0,0.9942004971002486,False,2011
,,,,,,,,,
00-0023728,S.Andrus,2009,SF,4,4,1.0,0.9814658803706824,False,2009
00-0023728,S.Andrus,2009,TB,6,6,1.0,0.9814658803706824,False,2009
00-0023728,S.Andrus,2010,SF,3,3,1.0,0.9884963023829088,False,2010
,,,,,,,,,
00-0023853,M.Prater,2007,ATL,1,1,1.0,0.9856175972927242,False,2007
00-0023853,M.Prater,2008,DEN,39,40,0.975,0.9915254237288136,True,2008---
00-0023853,M.Prater,2009,DEN,32,32,1.0,0.9814658803706824,False,2009
00-0023853,M.Prater,2010,DEN,28,29,0.9655172413793104,0.9884963023829088,True,2010---
00-0023853,M.Prater,2011,DEN,30,30,1.0,0.9942004971002486,False,2011
00-0023853,M.Prater,2012,DEN,55,55,1.0,0.9935327405012127,False,2012
00-0023853,M.Prater,2013,DEN,75,75,1.0,0.9960536700868192,False,2013
00-0023853,M.Prater,2014,DET,21,21,1.0,0.9926888708367181,False,2014
00-0023853,M.Prater,2015,DET,36,39,0.9230769230769231,0.9416598192276089,True,2015---
00-0023853,M.Prater,2016,DET,31,33,0.9393939393939394,0.9364016736401674,False,2016
00-0023853,M.Prater,2017,DET,40,41,0.975609756097561,0.9400352733686067,False,2017
00-0023853,M.Prater,2018,DET,30,30,1.0,0.9425101214574899,False,2018
00-0023853,M.Prater,2019,DET,35,36,0.9722222222222222,0.9388429752066115,False,2019
00-0023853,M.Prater,2020,DET,38,41,0.926829268292683,0.929745889387145,True,2020---
00-0023853,M.Prater,2021,ARI,47,49,0.9591836734693877,0.933969769291965,False,2021
00-0023853,M.Prater,2022,ARI,17,18,0.9444444444444444,0.9460825610783488,True,2022---
00-0023853,M.Prater,2023,ARI,22,23,0.9565217391304348,0.9589392643284859,True,2023---
00-0023853,M.Prater,2024,ARI,10,10,1.0,0.9580983078162773,False,2024
,,,,,,,,,
00-0024333,S.Gostkowski,2006,NE,43,44,0.9772727272727273,0.9876977152899824,True,2006---
00-0024333,S.Gostkowski,2007,NE,74,74,1.0,0.9856175972927242,False,2007
00-0024333,S.Gostkowski,2008,NE,40,40,1.0,0.9915254237288136,False,2008
00-0024333,S.Gostkowski,2009,NE,47,47,1.0,0.9814658803706824,False,2009
00-0024333,S.Gostkowski,2010,NE,26,26,1.0,0.9884963023829088,False,2010
00-0024333,S.Gostkowski,2011,NE,59,59,1.0,0.9942004971002486,False,2011
00-0024333,S.Gostkowski,2012,NE,66,66,1.0,0.9935327405012127,False,2012
00-0024333,S.Gostkowski,2013,NE,44,44,1.0,0.9960536700868192,False,2013
00-0024333,S.Gostkowski,2014,NE,51,51,1.0,0.9926888708367181,False,2014
00-0024333,S.Gostkowski,2015,NE,52,52,1.0,0.9416598192276089,False,2015
00-0024333,S.Gostkowski,2016,NE,46,49,0.9387755102040817,0.9364016736401674,False,2016
00-0024333,S.Gostkowski,2017,NE,45,47,0.9574468085106383,0.9400352733686067,False,2017
00-0024333,S.Gostkowski,2018,NE,49,50,0.98,0.9425101214574899,False,2018
00-0024333,S.Gostkowski,2019,NE,11,15,0.7333333333333333,0.9388429752066115,True,2019---
00-0024333,S.Gostkowski,2020,TEN,46,48,0.9583333333333334,0.929745889387145,False,2020
,,,,,,,,,
00-0025547,J.Medlock,2012,CAR,23,23,1.0,0.9935327405012127,False,2012
,,,,,,,,,
00-0025565,N.Folk,2007,DAL,53,53,1.0,0.9856175972927242,False,2007
00-0025565,N.Folk,2008,DAL,42,42,1.0,0.9915254237288136,False,2008
00-0025565,N.Folk,2009,DAL,36,36,1.0,0.9814658803706824,False,2009
00-0025565,N.Folk,2010,NYJ,37,37,1.0,0.9884963023829088,False,2010
00-0025565,N.Folk,2011,NYJ,44,44,1.0,0.9942004971002486,False,2011
00-0025565,N.Folk,2012,NYJ,30,30,1.0,0.9935327405012127,False,2012
00-0025565,N.Folk,2013,NYJ,27,27,1.0,0.9960536700868192,False,2013
00-0025565,N.Folk,2014,NYJ,23,23,1.0,0.9926888708367181,False,2014
00-0025565,N.Folk,2015,NYJ,19,19,1.0,0.9416598192276089,False,2015
00-0025565,N.Folk,2016,NYJ,24,26,0.9230769230769231,0.9364016736401674,True,2016---
00-0025565,N.Folk,2017,TB,7,9,0.7777777777777778,0.9400352733686067,True,2017---
00-0025565,N.Folk,2019,NE,12,12,1.0,0.9388429752066115,False,2019
00-0025565,N.Folk,2020,NE,30,33,0.9090909090909091,0.929745889387145,True,2020---
00-0025565,N.Folk,2021,NE,42,47,0.8936170212765957,0.933969769291965,True,2021---
00-0025565,N.Folk,2022,NE,32,35,0.9142857142857143,0.9460825610783488,True,2022---
00-0025565,N.Folk,2023,TEN,28,30,0.9333333333333333,0.9589392643284859,True,2023---
00-0025565,N.Folk,2024,TEN,25,25,1.0,0.9580983078162773,False,2024
,,,,,,,,,
00-0025580,M.Crosby,2007,GB,48,48,1.0,0.9856175972927242,False,2007
00-0025580,M.Crosby,2008,GB,46,46,1.0,0.9915254237288136,False,2008
00-0025580,M.Crosby,2009,GB,48,49,0.9795918367346939,0.9814658803706824,True,2009---
00-0025580,M.Crosby,2010,GB,46,46,1.0,0.9884963023829088,False,2010
00-0025580,M.Crosby,2011,GB,68,69,0.9855072463768116,0.9942004971002486,True,2011---
00-0025580,M.Crosby,2012,GB,50,50,1.0,0.9935327405012127,False,2012
00-0025580,M.Crosby,2013,GB,42,42,1.0,0.9960536700868192,False,2013
00-0025580,M.Crosby,2014,GB,53,55,0.9636363636363636,0.9926888708367181,True,2014---
00-0025580,M.Crosby,2015,GB,36,36,1.0,0.9416598192276089,False,2015
00-0025580,M.Crosby,2016,GB,44,47,0.9361702127659575,0.9364016736401674,True,2016---
00-0025580,M.Crosby,2017,GB,33,35,0.9428571428571428,0.9400352733686067,False,2017
00-0025580,M.Crosby,2018,GB,34,36,0.9444444444444444,0.9425101214574899,False,2018
00-0025580,M.Crosby,2019,GB,40,41,0.975609756097561,0.9388429752066115,False,2019
00-0025580,M.Crosby,2020,GB,59,63,0.9365079365079365,0.929745889387145,False,2020
00-0025580,M.Crosby,2021,GB,49,51,0.9607843137254902,0.933969769291965,False,2021
00-0025580,M.Crosby,2022,GB,37,39,0.9487179487179487,0.9460825610783488,False,2022
00-0025580,M.Crosby,2023,NYG,6,7,0.8571428571428571,0.9589392643284859,True,2023---
,,,,,,,,,
00-0025681,R.Schmitt,2009,SF,2,2,1.0,0.9814658803706824,False,2009
,,,,,,,,,
00-0025824,G.Hartley,2008,NO,28,28,1.0,0.9915254237288136,False,2008
00-0025824,G.Hartley,2009,NO,10,11,0.9090909090909091,0.9814658803706824,True,2009---
00-0025824,G.Hartley,2010,NO,40,40,1.0,0.9884963023829088,False,2010
00-0025824,G.Hartley,2012,NO,57,57,1.0,0.9935327405012127,False,2012
00-0025824,G.Hartley,2013,NO,41,41,1.0,0.9960536700868192,False,2013
00-0025824,G.Hartley,2014,CLE,2,2,1.0,0.9926888708367181,False,2014
,,,,,,,,,
00-0025944,S.Hauschka,2009,BAL,27,28,0.9642857142857143,0.9814658803706824,True,2009---
00-0025944,S.Hauschka,2010,DEN,10,10,1.0,0.9884963023829088,False,2010
00-0025944,S.Hauschka,2011,SEA,34,34,1.0,0.9942004971002486,False,2011
00-0025944,S.Hauschka,2012,SEA,46,48,0.9583333333333334,0.9935327405012127,True,2012---
00-0025944,S.Hauschka,2013,SEA,44,44,1.0,0.9960536700868192,False,2013
00-0025944,S.Hauschka,2014,SEA,41,41,1.0,0.9926888708367181,False,2014
00-0025944,S.Hauschka,2015,SEA,40,44,0.9090909090909091,0.9416598192276089,True,2015---
00-0025944,S.Hauschka,2016,SEA,29,35,0.8285714285714286,0.9364016736401674,True,2016---
00-0025944,S.Hauschka,2017,BUF,29,29,1.0,0.9400352733686067,False,2017
00-0025944,S.Hauschka,2018,BUF,25,26,0.9615384615384616,0.9425101214574899,False,2018
00-0025944,S.Hauschka,2019,BUF,30,32,0.9375,0.9388429752066115,True,2019---
00-0025944,S.Hauschka,2020,JAX,2,2,1.0,0.929745889387145,False,2020
,,,,,,,,,
00-0026003,D.Carpenter,2008,MIA,40,40,1.0,0.9915254237288136,False,2008
00-0026003,D.Carpenter,2009,MIA,37,38,0.9736842105263158,0.9814658803706824,True,2009---
00-0026003,D.Carpenter,2010,MIA,25,25,1.0,0.9884963023829088,False,2010
00-0026003,D.Carpenter,2011,MIA,26,26,1.0,0.9942004971002486,False,2011
00-0026003,D.Carpenter,2012,MIA,26,26,1.0,0.9935327405012127,False,2012
00-0026003,D.Carpenter,2013,BUF,32,32,1.0,0.9960536700868192,False,2013
00-0026003,D.Carpenter,2014,BUF,31,32,0.96875,0.9926888708367181,True,2014---
00-0026003,D.Carpenter,2015,BUF,34,40,0.85,0.9416598192276089,True,2015---
00-0026003,D.Carpenter,2016,BUF,40,45,0.8888888888888888,0.9364016736401674,True,2016---
,,,,,,,,,
00-0026138,C.Barth,2008,KC,24,24,1.0,0.9915254237288136,False,2008
00-0026138,C.Barth,2009,TB,12,12,1.0,0.9814658803706824,False,2009
00-0026138,C.Barth,2010,TB,36,36,1.0,0.9884963023829088,False,2010
00-0026138,C.Barth,2011,TB,23,23,1.0,0.9942004971002486,False,2011
00-0026138,C.Barth,2012,TB,39,39,1.0,0.9935327405012127,False,2012
00-0026138,C.Barth,2014,DEN,15,15,1.0,0.9926888708367181,False,2014
00-0026138,C.Barth,2015,TB,25,26,0.9615384615384616,0.9416598192276089,False,2015
00-0026138,C.Barth,2016,CHI,31,32,0.96875,0.9364016736401674,False,2016
00-0026138,C.Barth,2017,CHI,17,17,1.0,0.9400352733686067,False,2017
,,,,,,,,,
00-0026318,T.Mehlhaff,2008,NO,9,10,0.9,0.9915254237288136,True,2008---
,,,,,,,,,
00-0026375,B.Coutu,2011,BUF,3,3,1.0,0.9942004971002486,False,2011
,,,,,,,,,
00-0026858,G.Gano,2009,WAS,6,7,0.8571428571428571,0.9814658803706824,True,2009---
00-0026858,G.Gano,2010,WAS,28,28,1.0,0.9884963023829088,False,2010
00-0026858,G.Gano,2011,WAS,25,26,0.9615384615384616,0.9942004971002486,True,2011---
00-0026858,G.Gano,2012,CAR,20,21,0.9523809523809523,0.9935327405012127,True,2012---
00-0026858,G.Gano,2013,CAR,42,42,1.0,0.9960536700868192,False,2013
00-0026858,G.Gano,2014,CAR,34,34,1.0,0.9926888708367181,False,2014
00-0026858,G.Gano,2015,CAR,56,59,0.9491525423728814,0.9416598192276089,False,2015
00-0026858,G.Gano,2016,CAR,31,34,0.9117647058823529,0.9364016736401674,True,2016---
00-0026858,G.Gano,2017,CAR,34,37,0.918918918918919,0.9400352733686067,True,2017---
00-0026858,G.Gano,2018,CAR,30,33,0.9090909090909091,0.9425101214574899,True,2018---
00-0026858,G.Gano,2020,NYG,21,23,0.9130434782608695,0.929745889387145,True,2020---
00-0026858,G.Gano,2021,NYG,17,17,1.0,0.933969769291965,False,2021
00-0026858,G.Gano,2022,NYG,32,34,0.9411764705882353,0.9460825610783488,True,2022---
00-0026858,G.Gano,2023,NYG,8,8,1.0,0.9589392643284859,False,2023
00-0026858,G.Gano,2024,NYG,15,15,1.0,0.9580983078162773,False,2024
,,,,,,,,,
00-0026968,R.Succop,2009,KC,29,29,1.0,0.9814658803706824,False,2009
00-0026968,R.Succop,2010,KC,42,42,1.0,0.9884963023829088,False,2010
00-0026968,R.Succop,2011,KC,20,20,1.0,0.9942004971002486,False,2011
00-0026968,R.Succop,2012,KC,17,17,1.0,0.9935327405012127,False,2012
00-0026968,R.Succop,2013,KC,52,52,1.0,0.9960536700868192,False,2013
00-0026968,R.Succop,2014,TEN,27,27,1.0,0.9926888708367181,False,2014
00-0026968,R.Succop,2015,TEN,29,31,0.9354838709677419,0.9416598192276089,True,2015---
00-0026968,R.Succop,2016,TEN,39,41,0.9512195121951219,0.9364016736401674,False,2016
00-0026968,R.Succop,2017,TEN,31,33,0.9393939393939394,0.9400352733686067,True,2017---
00-0026968,R.Succop,2018,TEN,28,31,0.9032258064516129,0.9425101214574899,True,2018---
00-0026968,R.Succop,2019,TEN,24,25,0.96,0.9388429752066115,False,2019
00-0026968,R.Succop,2020,TB,52,57,0.9122807017543859,0.929745889387145,True,2020---
00-0026968,R.Succop,2021,TB,56,59,0.9491525423728814,0.933969769291965,False,2021
00-0026968,R.Succop,2022,TB,24,25,0.96,0.9460825610783488,False,2022
,,,,,,,,,
00-0027119,D.Buehler,2010,DAL,42,44,0.9545454545454546,0.9884963023829088,True,2010---
,,,,,,,,,
00-0027191,C.Stitser,2010,CIN,8,10,0.8,0.9884963023829088,True,2010---
,,,,,,,,,
00-0027405,A.Pettrey,2010,CIN,5,5,1.0,0.9884963023829088,False,2010
,,,,,,,,,
00-0027855,N.Suh,2010,DET,0,1,0.0,0.9884963023829088,True,2010---
,,,,,,,,,
00-0028058,A.Henery,2011,PHI,46,46,1.0,0.9942004971002486,False,2011
00-0028058,A.Henery,2012,PHI,25,26,0.9615384615384616,0.9935327405012127,True,2012---
00-0028058,A.Henery,2013,PHI,45,45,1.0,0.9960536700868192,False,2013
00-0028058,A.Henery,2014,DET,5,5,1.0,0.9926888708367181,False,2014
,,,,,,,,,
00-0028347,S.Lanning,2013,CLE,1,1,1.0,0.9960536700868192,False,2013
,,,,,,,,,
00-0028660,D.Bailey,2011,DAL,39,39,1.0,0.9942004971002486,False,2011
00-0028660,D.Bailey,2012,DAL,37,37,1.0,0.9935327405012127,False,2012
00-0028660,D.Bailey,2013,DAL,47,47,1.0,0.9960536700868192,False,2013
00-0028660,D.Bailey,2014,DAL,56,56,1.0,0.9926888708367181,False,2014
00-0028660,D.Bailey,2015,DAL,25,25,1.0,0.9416598192276089,False,2015
00-0028660,D.Bailey,2016,DAL,46,46,1.0,0.9364016736401674,False,2016
00-0028660,D.Bailey,2017,DAL,26,28,0.9285714285714286,0.9400352733686067,True,2017---
00-0028660,D.Bailey,2018,MIN,30,31,0.967741935483871,0.9425101214574899,False,2018
00-0028660,D.Bailey,2019,MIN,40,44,0.9090909090909091,0.9388429752066115,True,2019---
00-0028660,D.Bailey,2020,MIN,37,43,0.8604651162790697,0.929745889387145,True,2020---
,,,,,,,,,
00-0028787,K.Forbath,2012,WAS,33,34,0.9705882352941176,0.9935327405012127,True,2012---
00-0028787,K.Forbath,2013,WAS,26,26,1.0,0.9960536700868192,False,2013
00-0028787,K.Forbath,2014,WAS,31,32,0.96875,0.9926888708367181,True,2014---
00-0028787,K.Forbath,2015,NO,33,34,0.9705882352941176,0.9416598192276089,False,2015
00-0028787,K.Forbath,2015,WAS,1,1,1.0,0.9416598192276089,False,2015
00-0028787,K.Forbath,2016,MIN,11,14,0.7857142857142857,0.9364016736401674,True,2016---
00-0028787,K.Forbath,2017,MIN,34,39,0.8717948717948718,0.9400352733686067,True,2017---
00-0028787,K.Forbath,2018,JAX,3,3,1.0,0.9425101214574899,False,2018
00-0028787,K.Forbath,2019,DAL,10,10,1.0,0.9388429752066115,False,2019
00-0028787,K.Forbath,2019,NE,1,2,0.5,0.9388429752066115,True,2019---
00-0028787,K.Forbath,2020,LA,4,5,0.8,0.929745889387145,True,2020---
,,,,,,,,,
00-0028872,J.Hekker,2018,LA,1,1,1.0,0.9425101214574899,False,2018
,,,,,,,,,
00-0028907,G.Tavecchio,2017,LV,33,34,0.9705882352941176,0.9400352733686067,False,2017
00-0028907,G.Tavecchio,2018,ATL,8,8,1.0,0.9425101214574899,False,2018
,,,,,,,,,
00-0029318,J.Potter,2013,WAS,7,7,1.0,0.9960536700868192,False,2013
,,,,,,,,,
00-0029421,R.Bullock,2013,HOU,26,26,1.0,0.9960536700868192,False,2013
00-0029421,R.Bullock,2014,HOU,40,40,1.0,0.9926888708367181,False,2014
00-0029421,R.Bullock,2015,HOU,3,5,0.6,0.9416598192276089,True,2015---
00-0029421,R.Bullock,2015,NYJ,19,20,0.95,0.9416598192276089,False,2015
00-0029421,R.Bullock,2016,CIN,6,6,1.0,0.9364016736401674,False,2016
00-0029421,R.Bullock,2016,NYG,2,3,0.6666666666666666,0.9364016736401674,True,2016---
00-0029421,R.Bullock,2016,PIT,1,1,1.0,0.9364016736401674,False,2016
00-0029421,R.Bullock,2017,CIN,31,33,0.9393939393939394,0.9400352733686067,True,2017---
00-0029421,R.Bullock,2018,CIN,39,41,0.9512195121951219,0.9425101214574899,False,2018
00-0029421,R.Bullock,2019,CIN,24,25,0.96,0.9388429752066115,False,2019
00-0029421,R.Bullock,2020,CIN,24,25,0.96,0.929745889387145,False,2020
00-0029421,R.Bullock,2021,TEN,42,45,0.9333333333333333,0.933969769291965,True,2021---
00-0029421,R.Bullock,2022,TEN,28,28,1.0,0.9460825610783488,False,2022
00-0029421,R.Bullock,2023,NYG,10,10,1.0,0.9589392643284859,False,2023
,,,,,,,,,
00-0029493,R.Quigley,2015,NYJ,4,4,1.0,0.9416598192276089,False,2015
,,,,,,,,,
00-0029576,B.Walsh,2012,MIN,36,36,1.0,0.9935327405012127,False,2012
00-0029576,B.Walsh,2013,MIN,43,44,0.9772727272727273,0.9960536700868192,True,2013---
00-0029576,B.Walsh,2014,MIN,29,29,1.0,0.9926888708367181,False,2014
00-0029576,B.Walsh,2015,MIN,33,37,0.8918918918918919,0.9416598192276089,True,2015---
00-0029576,B.Walsh,2016,MIN,15,19,0.7894736842105263,0.9364016736401674,True,2016---
00-0029576,B.Walsh,2017,SEA,37,38,0.9736842105263158,0.9400352733686067,False,2017
,,,,,,,,,
00-0029597,J.Tucker,2012,BAL,42,42,1.0,0.9935327405012127,False,2012
00-0029597,J.Tucker,2013,BAL,26,26,1.0,0.9960536700868192,False,2013
00-0029597,J.Tucker,2014,BAL,42,42,1.0,0.9926888708367181,False,2014
00-0029597,J.Tucker,2015,BAL,29,29,1.0,0.9416598192276089,False,2015
00-0029597,J.Tucker,2016,BAL,27,27,1.0,0.9364016736401674,False,2016
00-0029597,J.Tucker,2017,BAL,39,39,1.0,0.9400352733686067,False,2017
00-0029597,J.Tucker,2018,BAL,36,37,0.972972972972973,0.9425101214574899,False,2018
00-0029597,J.Tucker,2019,BAL,57,59,0.9661016949152542,0.9388429752066115,False,2019
00-0029597,J.Tucker,2020,BAL,52,53,0.9811320754716981,0.929745889387145,False,2020
00-0029597,J.Tucker,2021,BAL,32,32,1.0,0.933969769291965,False,2021
00-0029597,J.Tucker,2022,BAL,31,32,0.96875,0.9460825610783488,False,2022
00-0029597,J.Tucker,2023,BAL,51,52,0.9807692307692307,0.9589392643284859,False,2023
00-0029597,J.Tucker,2024,BAL,60,62,0.967741935483871,0.9580983078162773,False,2024
,,,,,,,,,
00-0029621,G.Zuerlein,2012,LA,26,26,1.0,0.9935327405012127,False,2012
00-0029621,G.Zuerlein,2013,LA,34,34,1.0,0.9960536700868192,False,2013
00-0029621,G.Zuerlein,2014,LA,34,35,0.9714285714285714,0.9926888708367181,True,2014---
00-0029621,G.Zuerlein,2015,LA,26,28,0.9285714285714286,0.9416598192276089,True,2015---
00-0029621,G.Zuerlein,2016,LA,23,23,1.0,0.9364016736401674,False,2016
00-0029621,G.Zuerlein,2017,LA,44,46,0.9565217391304348,0.9400352733686067,False,2017
00-0029621,G.Zuerlein,2018,LA,35,36,0.9722222222222222,0.9425101214574899,False,2018
00-0029621,G.Zuerlein,2019,LA,42,42,1.0,0.9388429752066115,False,2019
00-0029621,G.Zuerlein,2020,DAL,33,36,0.9166666666666666,0.929745889387145,True,2020---
00-0029621,G.Zuerlein,2021,DAL,42,48,0.875,0.933969769291965,True,2021---
00-0029621,G.Zuerlein,2022,NYJ,28,29,0.9655172413793104,0.9460825610783488,False,2022
00-0029621,G.Zuerlein,2023,NYJ,15,16,0.9375,0.9589392643284859,True,2023---
00-0029621,G.Zuerlein,2024,NYJ,13,14,0.9285714285714286,0.9580983078162773,True,2024---
,,,,,,,,,
00-0029822,B.McManus,2014,DEN,41,41,1.0,0.9926888708367181,False,2014
00-0029822,B.McManus,2015,DEN,35,36,0.9722222222222222,0.9416598192276089,False,2015
00-0029822,B.McManus,2016,DEN,32,33,0.9696969696969697,0.9364016736401674,False,2016
00-0029822,B.McManus,2017,DEN,27,27,1.0,0.9400352733686067,False,2017
00-0029822,B.McManus,2018,DEN,35,35,1.0,0.9425101214574899,False,2018
00-0029822,B.McManus,2019,DEN,25,26,0.9615384615384616,0.9388429752066115,False,2019
00-0029822,B.McManus,2020,DEN,24,27,0.8888888888888888,0.929745889387145,True,2020---
00-0029822,B.McManus,2021,DEN,33,34,0.9705882352941176,0.933969769291965,False,2021
00-0029822,B.McManus,2022,DEN,25,27,0.9259259259259259,0.9460825610783488,True,2022---
00-0029822,B.McManus,2023,JAX,35,35,1.0,0.9589392643284859,False,2023
00-0029822,B.McManus,2024,GB,30,30,1.0,0.9580983078162773,False,2024
,,,,,,,,,
00-0030098,D.Hopkins,2015,WAS,39,40,0.975,0.9416598192276089,False,2015
00-0030098,D.Hopkins,2016,WAS,36,39,0.9230769230769231,0.9364016736401674,True,2016---
00-0030098,D.Hopkins,2017,WAS,18,19,0.9473684210526315,0.9400352733686067,False,2017
00-0030098,D.Hopkins,2018,WAS,25,26,0.9615384615384616,0.9425101214574899,False,2018
00-0030098,D.Hopkins,2019,WAS,21,22,0.9545454545454546,0.9388429752066115,False,2019
00-0030098,D.Hopkins,2020,WAS,30,32,0.9375,0.929745889387145,False,2020
00-0030098,D.Hopkins,2021,LAC,30,32,0.9375,0.933969769291965,False,2021
00-0030098,D.Hopkins,2021,WAS,10,12,0.8333333333333334,0.933969769291965,True,2021---
00-0030098,D.Hopkins,2022,LAC,12,12,1.0,0.9460825610783488,False,2022
00-0030098,D.Hopkins,2023,CLE,24,26,0.9230769230769231,0.9589392643284859,True,2023---
00-0030098,D.Hopkins,2024,CLE,17,20,0.85,0.9580983078162773,True,2024---
,,,,,,,,,
00-0030196,J.Heath,2017,DAL,2,3,0.6666666666666666,0.9400352733686067,True,2017---
,,,,,,,,,
00-0030332,B.Maher,2018,DAL,32,33,0.9696969696969697,0.9425101214574899,False,2018
00-0030332,B.Maher,2019,DAL,36,36,1.0,0.9388429752066115,False,2019
00-0030332,B.Maher,2021,NO,10,12,0.8333333333333334,0.933969769291965,True,2021---
00-0030332,B.Maher,2022,DAL,50,53,0.9433962264150944,0.9460825610783488,True,2022---
00-0030332,B.Maher,2023,LA,13,15,0.8666666666666667,0.9589392643284859,True,2023---
,,,,,,,,,
00-0030390,C.Sturgis,2013,MIA,33,33,1.0,0.9960536700868192,False,2013
00-0030390,C.Sturgis,2014,MIA,41,41,1.0,0.9926888708367181,False,2014
00-0030390,C.Sturgis,2015,PHI,35,37,0.9459459459459459,0.9416598192276089,False,2015
00-0030390,C.Sturgis,2016,PHI,30,31,0.967741935483871,0.9364016736401674,False,2016
00-0030390,C.Sturgis,2017,PHI,1,2,0.5,0.9400352733686067,True,2017---
00-0030390,C.Sturgis,2018,LAC,9,15,0.6,0.9425101214574899,True,2018---
,,,,,,,,,
00-0030626,P.Murray,2014,TB,31,31,1.0,0.9926888708367181,False,2014
00-0030626,P.Murray,2016,CLE,3,4,0.75,0.9364016736401674,True,2016---
00-0030626,P.Murray,2017,TB,21,22,0.9545454545454546,0.9400352733686067,False,2017
,,,,,,,,,
00-0030850,C.Parkey,2014,PHI,54,54,1.0,0.9926888708367181,False,2014
00-0030850,C.Parkey,2015,PHI,7,7,1.0,0.9416598192276089,False,2015
00-0030850,C.Parkey,2016,CLE,20,21,0.9523809523809523,0.9364016736401674,False,2016
00-0030850,C.Parkey,2017,MIA,26,29,0.896551724137931,0.9400352733686067,True,2017---
00-0030850,C.Parkey,2018,CHI,42,45,0.9333333333333333,0.9425101214574899,True,2018---
00-0030850,C.Parkey,2019,TEN,5,6,0.8333333333333334,0.9388429752066115,True,2019---
00-0030850,C.Parkey,2020,CLE,43,47,0.9148936170212766,0.929745889387145,True,2020---
00-0030850,C.Parkey,2021,NO,3,5,0.6,0.933969769291965,True,2021---
,,,,,,,,,
00-0030896,C.Catanzaro,2014,ARI,27,27,1.0,0.9926888708367181,False,2014
00-0030896,C.Catanzaro,2015,ARI,53,58,0.9137931034482759,0.9416598192276089,True,2015---
00-0030896,C.Catanzaro,2016,ARI,43,47,0.9148936170212766,0.9364016736401674,True,2016---
00-0030896,C.Catanzaro,2017,NYJ,29,29,1.0,0.9400352733686067,False,2017
00-0030896,C.Catanzaro,2018,CAR,7,8,0.875,0.9425101214574899,True,2018---
00-0030896,C.Catanzaro,2018,TB,23,27,0.8518518518518519,0.9425101214574899,True,2018---
,,,,,,,,,
00-0031092,Z.Hocker,2015,LA,1,1,1.0,0.9416598192276089,False,2015
00-0031092,Z.Hocker,2015,NO,11,12,0.9166666666666666,0.9416598192276089,True,2015---
,,,,,,,,,
00-0031093,N.Freese,2014,DET,6,6,1.0,0.9926888708367181,False,2014
,,,,,,,,,
00-0031112,T.Coons,2015,CLE,22,24,0.9166666666666666,0.9416598192276089,True,2015---
00-0031112,T.Coons,2017,LAC,5,6,0.8333333333333334,0.9400352733686067,True,2017---
,,,,,,,,,
00-0031136,C.Boswell,2015,PIT,26,27,0.9629629629629629,0.9416598192276089,False,2015
00-0031136,C.Boswell,2016,PIT,36,36,1.0,0.9364016736401674,False,2016
00-0031136,C.Boswell,2017,PIT,37,39,0.9487179487179487,0.9400352733686067,False,2017
00-0031136,C.Boswell,2018,PIT,43,48,0.8958333333333334,0.9425101214574899,True,2018---
00-0031136,C.Boswell,2019,PIT,28,28,1.0,0.9388429752066115,False,2019
00-0031136,C.Boswell,2020,PIT,34,38,0.8947368421052632,0.929745889387145,True,2020---
00-0031136,C.Boswell,2021,PIT,27,29,0.9310344827586207,0.933969769291965,True,2021---
00-0031136,C.Boswell,2022,PIT,18,18,1.0,0.9460825610783488,False,2022
00-0031136,C.Boswell,2023,PIT,27,28,0.9642857142857143,0.9589392643284859,False,2023
00-0031136,C.Boswell,2024,PIT,35,35,1.0,0.9580983078162773,False,2024
,,,,,,,,,
00-0031203,C.Santos,2014,KC,38,38,1.0,0.9926888708367181,False,2014
00-0031203,C.Santos,2015,KC,39,41,0.9512195121951219,0.9416598192276089,False,2015
00-0031203,C.Santos,2016,KC,36,39,0.9230769230769231,0.9364016736401674,True,2016---
00-0031203,C.Santos,2017,CHI,2,2,1.0,0.9400352733686067,False,2017
00-0031203,C.Santos,2017,KC,12,12,1.0,0.9400352733686067,False,2017
00-0031203,C.Santos,2018,LA,5,6,0.8333333333333334,0.9425101214574899,True,2018---
00-0031203,C.Santos,2018,TB,17,17,1.0,0.9425101214574899,False,2018
00-0031203,C.Santos,2019,TEN,12,12,1.0,0.9388429752066115,False,2019
00-0031203,C.Santos,2020,CHI,36,37,0.972972972972973,0.929745889387145,False,2020
00-0031203,C.Santos,2021,CHI,27,28,0.9642857142857143,0.933969769291965,False,2021
00-0031203,C.Santos,2022,CHI,27,32,0.84375,0.9460825610783488,True,2022---
00-0031203,C.Santos,2023,CHI,31,33,0.9393939393939394,0.9589392643284859,True,2023---
00-0031203,C.Santos,2024,CHI,25,26,0.9615384615384616,0.9580983078162773,False,2024
,,,,,,,,,
00-0031385,S.Castillo,2020,NYJ,6,7,0.8571428571428571,0.929745889387145,True,2020---
,,,,,,,,,
00-0031492,J.Myers,2015,JAX,32,39,0.8205128205128205,0.9416598192276089,True,2015---
00-0031492,J.Myers,2016,JAX,29,32,0.90625,0.9364016736401674,True,2016---
00-0031492,J.Myers,2017,JAX,15,17,0.8823529411764706,0.9400352733686067,True,2017---
00-0031492,J.Myers,2018,NYJ,30,33,0.9090909090909091,0.9425101214574899,True,2018---
00-0031492,J.Myers,2019,SEA,40,44,0.9090909090909091,0.9388429752066115,True,2019---
00-0031492,J.Myers,2020,SEA,49,53,0.9245283018867925,0.929745889387145,True,2020---
00-0031492,J.Myers,2021,SEA,44,47,0.9361702127659575,0.933969769291965,False,2021
00-0031492,J.Myers,2022,SEA,41,42,0.9761904761904762,0.9460825610783488,False,2022
00-0031492,J.Myers,2023,SEA,33,33,1.0,0.9589392643284859,False,2023
00-0031492,J.Myers,2024,SEA,37,40,0.925,0.9580983078162773,True,2024---
,,,,,,,,,
00-0031543,T.Long,2019,LAC,9,9,1.0,0.9388429752066115,False,2019
,,,,,,,,,
00-0031656,K.Brindza,2015,TB,6,8,0.75,0.9416598192276089,True,2015---
,,,,,,,,,
00-0031718,A.Franks,2015,MIA,33,36,0.9166666666666666,0.9416598192276089,True,2015---
00-0031718,A.Franks,2016,MIA,41,42,0.9761904761904762,0.9364016736401674,False,2016
,,,,,,,,,
00-0032087,J.Lambo,2015,LAC,28,32,0.875,0.9416598192276089,True,2015---
00-0032087,J.Lambo,2016,LAC,42,46,0.9130434782608695,0.9364016736401674,True,2016---
00-0032087,J.Lambo,2017,JAX,22,24,0.9166666666666666,0.9400352733686067,True,2017---
00-0032087,J.Lambo,2018,JAX,19,20,0.95,0.9425101214574899,False,2018
00-0032087,J.Lambo,2019,JAX,19,20,0.95,0.9388429752066115,False,2019
00-0032087,J.Lambo,2020,JAX,8,10,0.8,0.929745889387145,True,2020---
00-0032087,J.Lambo,2021,JAX,5,7,0.7142857142857143,0.933969769291965,True,2021---
00-0032087,J.Lambo,2022,TEN,3,4,0.75,0.9460825610783488,True,2022---
,,,,,,,,,
00-0032569,W.Lutz,2016,NO,49,50,0.98,0.9364016736401674,False,2016
00-0032569,W.Lutz,2017,NO,47,50,0.94,0.9400352733686067,True,2017---
00-0032569,W.Lutz,2018,NO,52,53,0.9811320754716981,0.9425101214574899,False,2018
00-0032569,W.Lutz,2019,NO,48,49,0.9795918367346939,0.9388429752066115,False,2019
00-0032569,W.Lutz,2020,NO,57,58,0.9827586206896551,0.929745889387145,False,2020
00-0032569,W.Lutz,2022,NO,33,33,1.0,0.9460825610783488,False,2022
00-0032569,W.Lutz,2023,DEN,29,31,0.9354838709677419,0.9589392643284859,True,2023---
00-0032569,W.Lutz,2024,DEN,46,46,1.0,0.9580983078162773,False,2024
,,,,,,,,,
00-0032584,N.Rose,2017,LAC,5,6,0.8333333333333334,0.9400352733686067,True,2017---
00-0032584,N.Rose,2017,WAS,18,20,0.9,0.9400352733686067,True,2017---
,,,,,,,,,
00-0032616,M.Koehn,2017,CIN,1,1,1.0,0.9400352733686067,False,2017
,,,,,,,,,
00-0032669,T.Bertolet,2022,LAC,6,6,1.0,0.9460825610783488,False,2022
,,,,,,,,,
00-0032726,K.Fairbairn,2017,HOU,32,35,0.9142857142857143,0.9400352733686067,True,2017---
00-0032726,K.Fairbairn,2018,HOU,39,41,0.9512195121951219,0.9425101214574899,False,2018
00-0032726,K.Fairbairn,2019,HOU,40,45,0.8888888888888888,0.9388429752066115,True,2019---
00-0032726,K.Fairbairn,2020,HOU,37,40,0.925,0.929745889387145,True,2020---
00-0032726,K.Fairbairn,2021,HOU,13,16,0.8125,0.933969769291965,True,2021---
00-0032726,K.Fairbairn,2022,HOU,24,24,1.0,0.9460825610783488,False,2022
00-0032726,K.Fairbairn,2023,HOU,21,22,0.9545454545454546,0.9589392643284859,True,2023---
00-0032726,K.Fairbairn,2024,HOU,34,36,0.9444444444444444,0.9580983078162773,True,2024---
,,,,,,,,,
00-0032835,J.Brown,2020,JAX,1,1,1.0,0.929745889387145,False,2020
,,,,,,,,,
00-0032870,A.Rosas,2017,NYG,20,23,0.8695652173913043,0.9400352733686067,True,2017---
00-0032870,A.Rosas,2018,NYG,31,32,0.96875,0.9425101214574899,False,2018
00-0032870,A.Rosas,2019,NYG,35,39,0.8974358974358975,0.9388429752066115,True,2019---
00-0032870,A.Rosas,2020,JAX,9,9,1.0,0.929745889387145,False,2020
00-0032870,A.Rosas,2021,DET,1,1,1.0,0.933969769291965,False,2021
00-0032870,A.Rosas,2021,NO,13,13,1.0,0.933969769291965,False,2021
,,,,,,,,,
00-0032896,D.Kaser,2017,LAC,1,3,0.3333333333333333,0.9400352733686067,True,2017---
,,,,,,,,,
00-0033102,R.Aguayo,2016,TB,32,34,0.9411764705882353,0.9364016736401674,False,2016
,,,,,,,,,
00-0033138,S.Ficken,2017,LA,4,5,0.8,0.9400352733686067,True,2017---
00-0033138,S.Ficken,2018,LA,10,10,1.0,0.9425101214574899,False,2018
00-0033138,S.Ficken,2019,NYJ,23,26,0.8846153846153846,0.9388429752066115,True,2019---
00-0033138,S.Ficken,2020,NYJ,12,15,0.8,0.929745889387145,True,2020---
,,,,,,,,,
00-0033303,H.Butker,2017,KC,28,28,1.0,0.9400352733686067,False,2017
00-0033303,H.Butker,2018,KC,65,69,0.9420289855072463,0.9425101214574899,True,2018---
00-0033303,H.Butker,2019,KC,45,48,0.9375,0.9388429752066115,True,2019---
00-0033303,H.Butker,2020,KC,48,54,0.8888888888888888,0.929745889387145,True,2020---
00-0033303,H.Butker,2021,KC,47,49,0.9591836734693877,0.933969769291965,False,2021
00-0033303,H.Butker,2022,KC,38,41,0.926829268292683,0.9460825610783488,True,2022---
00-0033303,H.Butker,2023,KC,38,38,1.0,0.9589392643284859,False,2023
00-0033303,H.Butker,2024,KC,29,31,0.9354838709677419,0.9580983078162773,True,2024---
,,,,,,,,,
00-0033702,Y.Koo,2017,LAC,9,9,1.0,0.9400352733686067,False,2017
00-0033702,Y.Koo,2019,ATL,15,16,0.9375,0.9388429752066115,True,2019---
00-0033702,Y.Koo,2020,ATL,33,36,0.9166666666666666,0.929745889387145,True,2020---
00-0033702,Y.Koo,2021,ATL,30,30,1.0,0.933969769291965,False,2021
00-0033702,Y.Koo,2022,ATL,33,35,0.9428571428571428,0.9460825610783488,True,2022---
00-0033702,Y.Koo,2023,ATL,27,28,0.9642857142857143,0.9589392643284859,False,2023
00-0033702,Y.Koo,2024,ATL,26,26,1.0,0.9580983078162773,False,2024
,,,,,,,,,
00-0033787,J.Elliott,2017,PHI,39,42,0.9285714285714286,0.9400352733686067,True,2017---
00-0033787,J.Elliott,2018,PHI,33,35,0.9428571428571428,0.9425101214574899,False,2018
00-0033787,J.Elliott,2019,PHI,35,37,0.9459459459459459,0.9388429752066115,False,2019
00-0033787,J.Elliott,2020,PHI,24,26,0.9230769230769231,0.929745889387145,True,2020---
00-0033787,J.Elliott,2021,PHI,44,44,1.0,0.933969769291965,False,2021
00-0033787,J.Elliott,2022,PHI,51,53,0.9622641509433962,0.9460825610783488,False,2022
00-0033787,J.Elliott,2023,PHI,45,46,0.9782608695652174,0.9589392643284859,False,2023
00-0033787,J.Elliott,2024,PHI,47,48,0.9791666666666666,0.9580983078162773,False,2024
,,,,,,,,,
00-0033862,Z.Gonzalez,2017,CLE,25,26,0.9615384615384616,0.9400352733686067,False,2017
00-0033862,Z.Gonzalez,2018,ARI,5,6,0.8333333333333334,0.9425101214574899,True,2018---
00-0033862,Z.Gonzalez,2018,CLE,3,5,0.6,0.9425101214574899,True,2018---
00-0033862,Z.Gonzalez,2019,ARI,34,35,0.9714285714285714,0.9388429752066115,False,2019
00-0033862,Z.Gonzalez,2020,ARI,38,39,0.9743589743589743,0.929745889387145,False,2020
00-0033862,Z.Gonzalez,2021,CAR,22,23,0.9565217391304348,0.933969769291965,False,2021
00-0033862,Z.Gonzalez,2024,WAS,19,19,1.0,0.9580983078162773,False,2024
,,,,,,,,,
00-0034084,M.Badgley,2018,LAC,27,28,0.9642857142857143,0.9425101214574899,False,2018
00-0034084,M.Badgley,2019,LAC,19,19,1.0,0.9388429752066115,False,2019
00-0034084,M.Badgley,2020,LAC,36,39,0.9230769230769231,0.929745889387145,True,2020---
00-0034084,M.Badgley,2021,IND,39,39,1.0,0.933969769291965,False,2021
00-0034084,M.Badgley,2021,TEN,1,2,0.5,0.933969769291965,True,2021---
00-0034084,M.Badgley,2022,DET,33,33,1.0,0.9460825610783488,False,2022
00-0034084,M.Badgley,2023,DET,13,15,0.8666666666666667,0.9589392643284859,True,2023---
,,,,,,,,,
00-0034161,D.Carlson,2018,LV,18,18,1.0,0.9425101214574899,False,2018
00-0034161,D.Carlson,2018,MIN,6,6,1.0,0.9425101214574899,False,2018
00-0034161,D.Carlson,2019,LV,34,36,0.9444444444444444,0.9388429752066115,False,2019
00-0034161,D.Carlson,2020,LV,45,47,0.9574468085106383,0.929745889387145,False,2020
00-0034161,D.Carlson,2021,LV,30,33,0.9090909090909091,0.933969769291965,True,2021---
00-0034161,D.Carlson,2022,LV,35,36,0.9722222222222222,0.9460825610783488,False,2022
00-0034161,D.Carlson,2023,LV,32,32,1.0,0.9589392643284859,False,2023
00-0034161,D.Carlson,2024,LV,23,25,0.92,0.9580983078162773,True,2024---
,,,,,,,,,
00-0034173,E.Pineiro,2019,CHI,27,29,0.9310344827586207,0.9388429752066115,True,2019---
00-0034173,E.Pineiro,2021,NYJ,9,10,0.9,0.933969769291965,True,2021---
00-0034173,E.Pineiro,2022,CAR,30,32,0.9375,0.9460825610783488,True,2022---
00-0034173,E.Pineiro,2023,CAR,17,20,0.85,0.9589392643284859,True,2023---
00-0034173,E.Pineiro,2024,CAR,33,35,0.9428571428571428,0.9580983078162773,True,2024---
,,,,,,,,,
00-0034202,K.Vedvik,2019,NYJ,0,1,0.0,0.9388429752066115,True,2019---
,,,,,,,,,
00-0034361,J.Reid,2022,KC,1,2,0.5,0.9460825610783488,True,2022---
,,,,,,,,,
00-0034450,G.Joseph,2018,CLE,25,29,0.8620689655172413,0.9425101214574899,True,2018---
00-0034450,G.Joseph,2019,TEN,9,9,1.0,0.9388429752066115,False,2019
00-0034450,G.Joseph,2021,MIN,36,40,0.9,0.933969769291965,True,2021---
00-0034450,G.Joseph,2022,MIN,40,46,0.8695652173913043,0.9460825610783488,True,2022---
00-0034450,G.Joseph,2023,MIN,36,38,0.9473684210526315,0.9589392643284859,True,2023---
00-0034450,G.Joseph,2024,NYG,6,6,1.0,0.9580983078162773,False,2024
00-0034450,G.Joseph,2024,NYJ,3,3,1.0,0.9580983078162773,False,2024
00-0034450,G.Joseph,2024,WAS,2,2,1.0,0.9580983078162773,False,2024
,,,,,,,,,
00-0034479,M.McCrane,2018,ARI,3,3,1.0,0.9425101214574899,False,2018
00-0034479,M.McCrane,2018,LV,5,5,1.0,0.9425101214574899,False,2018
00-0034479,M.McCrane,2018,PIT,1,1,1.0,0.9425101214574899,False,2018
,,,,,,,,,
00-0034648,R.Santoso,2021,CAR,1,2,0.5,0.933969769291965,True,2021---
00-0034648,R.Santoso,2021,DET,5,6,0.8333333333333334,0.933969769291965,True,2021---
,,,,,,,,,
00-0034794,J.Sanders,2018,MIA,35,36,0.9722222222222222,0.9425101214574899,False,2018
00-0034794,J.Sanders,2019,MIA,29,30,0.9666666666666667,0.9388429752066115,False,2019
00-0034794,J.Sanders,2020,MIA,36,36,1.0,0.929745889387145,False,2020
00-0034794,J.Sanders,2021,MIA,34,35,0.9714285714285714,0.933969769291965,False,2021
00-0034794,J.Sanders,2022,MIA,41,44,0.9318181818181818,0.9460825610783488,True,2022---
00-0034794,J.Sanders,2023,MIA,58,59,0.9830508474576272,0.9589392643284859,False,2023
00-0034794,J.Sanders,2024,MIA,26,28,0.9285714285714286,0.9580983078162773,True,2024---
,,,,,,,,,
00-0034909,T.Vizcaino,2020,SF,2,2,1.0,0.929745889387145,False,2020
00-0034909,T.Vizcaino,2021,LAC,10,15,0.6666666666666666,0.933969769291965,True,2021---
00-0034909,T.Vizcaino,2022,ARI,3,3,1.0,0.9460825610783488,False,2022
,,,,,,,,,
00-0034913,C.Blewitt,2021,WAS,2,2,1.0,0.933969769291965,False,2021
,,,,,,,,,
00-0034921,E.Fry,2020,ATL,1,2,0.5,0.929745889387145,True,2020---
00-0034921,E.Fry,2021,CIN,1,1,1.0,0.933969769291965,False,2021
00-0034921,E.Fry,2021,KC,3,4,0.75,0.933969769291965,True,2021---
,,,,,,,,,
00-0034941,M.Wishnowsky,2021,SF,1,2,0.5,0.933969769291965,True,2021---
00-0034941,M.Wishnowsky,2022,SF,1,2,0.5,0.9460825610783488,True,2022---
,,,,,,,,,
00-0035042,J.Gillan,2024,NYG,0,1,0.0,0.9580983078162773,True,2024---
,,,,,,,,,
00-0035145,A.Seibert,2019,CLE,30,35,0.8571428571428571,0.9388429752066115,True,2019---
00-0035145,A.Seibert,2020,CIN,8,8,1.0,0.929745889387145,False,2020
00-0035145,A.Seibert,2020,CLE,0,1,0.0,0.929745889387145,True,2020---
00-0035145,A.Seibert,2021,DET,5,5,1.0,0.933969769291965,False,2021
00-0035145,A.Seibert,2022,DET,12,12,1.0,0.9460825610783488,False,2022
00-0035145,A.Seibert,2023,NYJ,1,1,1.0,0.9589392643284859,False,2023
00-0035145,A.Seibert,2024,WAS,22,24,0.9166666666666666,0.9580983078162773,True,2024---
,,,,,,,,,
00-0035189,M.Wright,2020,PIT,7,7,1.0,0.929745889387145,False,2020
00-0035189,M.Wright,2021,JAX,13,15,0.8666666666666667,0.933969769291965,True,2021---
00-0035189,M.Wright,2022,KC,8,8,1.0,0.9460825610783488,False,2022
00-0035189,M.Wright,2022,PIT,7,7,1.0,0.9460825610783488,False,2022
00-0035189,M.Wright,2024,KC,2,2,1.0,0.9580983078162773,False,2024
00-0035189,M.Wright,2024,SF,3,3,1.0,0.9580983078162773,False,2024
00-0035189,M.Wright,2024,TEN,1,1,1.0,0.9580983078162773,False,2024
,,,,,,,,,
00-0035192,J.Slye,2019,CAR,31,35,0.8857142857142857,0.9388429752066115,True,2019---
00-0035192,J.Slye,2020,CAR,33,36,0.9166666666666666,0.929745889387145,True,2020---
00-0035192,J.Slye,2021,HOU,7,8,0.875,0.933969769291965,True,2021---
00-0035192,J.Slye,2021,SF,2,4,0.5,0.933969769291965,True,2021---
00-0035192,J.Slye,2021,WAS,9,10,0.9,0.933969769291965,True,2021---
00-0035192,J.Slye,2022,WAS,24,28,0.8571428571428571,0.9460825610783488,True,2022---
00-0035192,J.Slye,2023,WAS,32,35,0.9142857142857143,0.9589392643284859,True,2023---
00-0035192,J.Slye,2024,NE,25,26,0.9615384615384616,0.9580983078162773,False,2024
,,,,,,,,,
00-0035269,M.Gay,2019,TB,43,48,0.8958333333333334,0.9388429752066115,True,2019---
00-0035269,M.Gay,2020,LA,16,16,1.0,0.929745889387145,False,2020
00-0035269,M.Gay,2021,LA,48,49,0.9795918367346939,0.933969769291965,False,2021
00-0035269,M.Gay,2022,LA,31,32,0.96875,0.9460825610783488,False,2022
00-0035269,M.Gay,2023,IND,35,36,0.9722222222222222,0.9589392643284859,False,2023
00-0035269,M.Gay,2024,IND,33,33,1.0,0.9580983078162773,False,2024
,,,,,,,,,
00-0035358,C.McLaughlin,2019,IND,11,11,1.0,0.9388429752066115,False,2019
00-0035358,C.McLaughlin,2019,LAC,7,7,1.0,0.9388429752066115,False,2019
00-0035358,C.McLaughlin,2019,SF,8,8,1.0,0.9388429752066115,False,2019
00-0035358,C.McLaughlin,2020,JAX,3,4,0.75,0.929745889387145,True,2020---
00-0035358,C.McLaughlin,2020,NYJ,2,2,1.0,0.929745889387145,False,2020
00-0035358,C.McLaughlin,2021,CLE,36,37,0.972972972972973,0.933969769291965,False,2021
00-0035358,C.McLaughlin,2022,IND,21,21,1.0,0.9460825610783488,False,2022
00-0035358,C.McLaughlin,2023,TB,33,33,1.0,0.9589392643284859,False,2023
00-0035358,C.McLaughlin,2024,TB,54,56,0.9642857142857143,0.9580983078162773,False,2024
,,,,,,,,,
00-0035758,L.Hajrullahu,2021,CAR,3,3,1.0,0.933969769291965,False,2021
00-0035758,L.Hajrullahu,2021,DAL,5,5,1.0,0.933969769291965,False,2021
,,,,,,,,,
00-0035833,B.Wright,2020,JAX,1,2,0.5,0.929745889387145,True,2020---
,,,,,,,,,
00-0035849,R.Blankenship,2020,IND,43,45,0.9555555555555556,0.929745889387145,False,2020
00-0035849,R.Blankenship,2021,IND,7,8,0.875,0.933969769291965,True,2021---
00-0035849,R.Blankenship,2022,ARI,2,3,0.6666666666666666,0.9460825610783488,True,2022---
00-0035849,R.Blankenship,2022,IND,2,2,1.0,0.9460825610783488,False,2022
,,,,,,,,,
00-0036162,T.Bass,2020,BUF,57,59,0.9661016949152542,0.929745889387145,False,2020
00-0036162,T.Bass,2021,BUF,51,51,1.0,0.933969769291965,False,2021
00-0036162,T.Bass,2022,BUF,48,50,0.96,0.9460825610783488,False,2022
00-0036162,T.Bass,2023,BUF,49,50,0.98,0.9589392643284859,False,2023
00-0036162,T.Bass,2024,BUF,59,64,0.921875,0.9580983078162773,True,2024---
,,,,,,,,,
00-0036168,D.Eberle,2021,HOU,5,5,1.0,0.933969769291965,False,2021
00-0036168,D.Eberle,2022,DET,2,4,0.5,0.9460825610783488,True,2022---
,,,,,,,,,
00-0036436,S.Sloman,2020,LA,18,21,0.8571428571428571,0.929745889387145,True,2020---
00-0036436,S.Sloman,2020,TEN,5,5,1.0,0.929745889387145,False,2020
,,,,,,,,,
00-0036459,T.Russolino,2020,DEN,1,3,0.3333333333333333,0.929745889387145,True,2020---
,,,,,,,,,
00-0036469,M.Ammendola,2021,NYJ,14,15,0.9333333333333333,0.933969769291965,True,2021---
00-0036469,M.Ammendola,2022,ARI,2,3,0.6666666666666666,0.9460825610783488,True,2022---
00-0036469,M.Ammendola,2022,KC,3,4,0.75,0.9460825610783488,True,2022---
00-0036469,M.Ammendola,2023,HOU,10,11,0.9090909090909091,0.9589392643284859,True,2023---
,,,,,,,,,
00-0036515,C.Naggar,2021,CLE,1,2,0.5,0.933969769291965,True,2021---
,,,,,,,,,
00-0036703,B.Johnson,2021,NO,5,8,0.625,0.933969769291965,True,2021---
00-0036703,B.Johnson,2021,WAS,4,5,0.8,0.933969769291965,True,2021---
,,,,,,,,,
00-0036714,A.Kessman,2021,NYJ,0,2,0.0,0.933969769291965,True,2021---
,,,,,,,,,
00-0036816,R.Patterson,2021,DET,16,16,1.0,0.933969769291965,False,2021
00-0036816,R.Patterson,2022,JAX,36,37,0.972972972972973,0.9460825610783488,False,2022
00-0036816,R.Patterson,2023,CLE,6,7,0.8571428571428571,0.9589392643284859,True,2023---
00-0036816,R.Patterson,2023,DET,35,37,0.9459459459459459,0.9589392643284859,True,2023---
00-0036816,R.Patterson,2024,ATL,12,12,1.0,0.9580983078162773,False,2024
00-0036816,R.Patterson,2024,CLE,1,1,1.0,0.9580983078162773,False,2024
00-0036816,R.Patterson,2024,NYJ,3,3,1.0,0.9580983078162773,False,2024
,,,,,,,,,
00-0036854,E.McPherson,2021,CIN,46,48,0.9583333333333334,0.933969769291965,False,2021
00-0036854,E.McPherson,2022,CIN,40,44,0.9090909090909091,0.9460825610783488,True,2022---
00-0036854,E.McPherson,2023,CIN,40,40,1.0,0.9589392643284859,False,2023
00-0036854,E.McPherson,2024,CIN,37,38,0.9736842105263158,0.9580983078162773,False,2024
,,,,,,,,,
00-0037224,C.Dicker,2022,LAC,22,22,1.0,0.9460825610783488,False,2022
00-0037224,C.Dicker,2022,PHI,2,2,1.0,0.9460825610783488,False,2022
00-0037224,C.Dicker,2023,LAC,35,35,1.0,0.9589392643284859,False,2023
00-0037224,C.Dicker,2024,LAC,33,36,0.9166666666666666,0.9580983078162773,True,2024---
,,,,,,,,,
00-0037542,J.Romo,2024,MIN,7,8,0.875,0.9580983078162773,True,2024---
,,,,,,,,,
00-0037606,C.Shudak,2022,TEN,1,1,1.0,0.9460825610783488,False,2022
,,,,,,,,,
00-0037645,N.Sciba,2022,PIT,1,1,1.0,0.9460825610783488,False,2022
,,,,,,,,,
00-0037692,B.Aubrey,2023,DAL,49,52,0.9423076923076923,0.9589392643284859,True,2023---
00-0037692,B.Aubrey,2024,DAL,30,30,1.0,0.9580983078162773,False,2024
,,,,,,,,,
00-0038097,C.York,2022,CLE,35,37,0.9459459459459459,0.9460825610783488,True,2022---
00-0038097,C.York,2024,CIN,14,15,0.9333333333333333,0.9580983078162773,True,2024---
00-0038097,C.York,2024,WAS,2,2,1.0,0.9580983078162773,False,2024
,,,,,,,,,
00-0038152,L.Havrisik,2023,LA,19,22,0.8636363636363636,0.9589392643284859,True,2023---
,,,,,,,,,
00-0038402,A.Carlson,2023,GB,34,39,0.8717948717948718,0.9589392643284859,True,2023---
00-0038402,A.Carlson,2024,NYJ,9,11,0.8181818181818182,0.9580983078162773,True,2024---
00-0038402,A.Carlson,2024,SF,3,4,0.75,0.9580983078162773,True,2024---
,,,,,,,,,
00-0038562,J.Moody,2023,SF,60,61,0.9836065573770492,0.9589392643284859,False,2023
00-0038562,J.Moody,2024,SF,32,33,0.9696969696969697,0.9580983078162773,False,2024
,,,,,,,,,
00-0038567,C.Ryland,2023,NE,24,25,0.96,0.9589392643284859,False,2023
00-0038567,C.Ryland,2024,ARI,26,27,0.9629629629629629,0.9580983078162773,False,2024
,,,,,,,,,
00-0038905,B.Grupe,2023,NO,40,40,1.0,0.9589392643284859,False,2023
00-0038905,B.Grupe,2024,NO,31,33,0.9393939393939394,0.9580983078162773,True,2024---
,,,,,,,,,
00-0039172,J.Bates,2024,DET,64,67,0.9552238805970149,0.9580983078162773,True,2024---
,,,,,,,,,
00-0039404,W.Reichard,2024,MIN,38,38,1.0,0.9580983078162773,False,2024
,,,,,,,,,
00-0039409,C.Little,2024,JAX,27,27,1.0,0.9580983078162773,False,2024
,,,,,,,,,
00-0039576,S.Shrader,2024,IND,3,3,1.0,0.9580983078162773,False,2024
00-0039576,S.Shrader,2024,KC,6,6,1.0,0.9580983078162773,False,2024
,,,,,,,,,
00-0039649,B.Narveson,2024,GB,16,16,1.0,0.9580983078162773,False,2024
00-0039649,B.Narveson,2024,TEN,2,2,1.0,0.9580983078162773,False,2024
,,,,,,,,,
00-0039750,J.Karty,2024,LA,32,36,0.8888888888888888,0.9580983078162773,True,2024---
,,,,,,,,,
00-0039934,J.McAtamney,2024,NYG,1,1,1.0,0.9580983078162773,False,2024
,,,,,,,,,
